{
	"name": "Event sheet 1",
	"events": [
		{
			"eventType": "variable",
			"name": "TimeX",
			"type": "number",
			"initialValue": "0",
			"comment": "",
			"isStatic": false,
			"isConstant": false,
			"sid": 642416203766369
		},
		{
			"eventType": "variable",
			"name": "Score",
			"type": "number",
			"initialValue": "0",
			"comment": "",
			"isStatic": false,
			"isConstant": false,
			"sid": 709711478092977
		},
		{
			"eventType": "variable",
			"name": "TotalDistanceTraveled",
			"type": "number",
			"initialValue": "0",
			"comment": "",
			"isStatic": false,
			"isConstant": false,
			"sid": 506515101616939
		},
		{
			"eventType": "variable",
			"name": "Platforms",
			"type": "number",
			"initialValue": "0",
			"comment": "",
			"isStatic": false,
			"isConstant": false,
			"sid": 506733575499218
		},
		{
			"eventType": "variable",
			"name": "canDash",
			"type": "boolean",
			"initialValue": "false",
			"comment": "",
			"isStatic": false,
			"isConstant": false,
			"sid": 715663106906027
		},
		{
			"eventType": "variable",
			"name": "Dashing",
			"type": "boolean",
			"initialValue": "false",
			"comment": "",
			"isStatic": false,
			"isConstant": false,
			"sid": 254509031118031
		},
		{
			"eventType": "variable",
			"name": "DashTime",
			"type": "number",
			"initialValue": "0.2",
			"comment": "",
			"isStatic": false,
			"isConstant": false,
			"sid": 114791253288194
		},
		{
			"eventType": "block",
			"conditions": [
				{
					"id": "every-tick",
					"objectClass": "System",
					"sid": 693000533178549
				}
			],
			"actions": [
				{
					"id": "set-text",
					"objectClass": "Text",
					"sid": 126908589006244,
					"parameters": {
						"text": "\"Distance = \" & int(TotalDistanceTraveled) & newline & \n\"Platforms = \" & int(Platforms)  & newline & \n\"Time = \" & int(TimeX)  & newline & \n\"Score = \" & int(Score) & newline &\n\"CanDash: \" & canDash"
					}
				}
			],
			"sid": 617509586475557
		},
		{
			"eventType": "block",
			"conditions": [
				{
					"id": "key-is-down",
					"objectClass": "Keyboard",
					"sid": 754973188939110,
					"parameters": {
						"key": 32
					}
				},
				{
					"id": "compare-two-values",
					"objectClass": "System",
					"sid": 573811952618231,
					"parameters": {
						"first-value": "LayoutName",
						"comparison": 0,
						"second-value": "\"Death\""
					}
				}
			],
			"actions": [
				{
					"id": "go-to-layout",
					"objectClass": "System",
					"sid": 623494947436850,
					"parameters": {
						"layout": "Layout 1"
					}
				},
				{
					"id": "reset-global-variables",
					"objectClass": "System",
					"sid": 608931040134392,
					"parameters": {
						"reset-static": false
					}
				}
			],
			"sid": 954484243441492
		},
		{
			"eventType": "group",
			"disabled": false,
			"title": "GlobalVariables",
			"description": "",
			"isActiveOnStart": true,
			"children": [
				{
					"eventType": "block",
					"conditions": [
						{
							"id": "every-x-seconds",
							"objectClass": "System",
							"sid": 491795141591481,
							"parameters": {
								"interval-seconds": "1"
							}
						},
						{
							"id": "is-on-screen",
							"objectClass": "Player",
							"sid": 821094100054763
						}
					],
					"actions": [
						{
							"id": "add-to-eventvar",
							"objectClass": "System",
							"sid": 831058157031736,
							"parameters": {
								"variable": "TimeX",
								"value": "1"
							}
						},
						{
							"id": "add-to-eventvar",
							"objectClass": "System",
							"sid": 735916516675355,
							"parameters": {
								"variable": "Score",
								"value": "TotalDistanceTraveled * Platforms + time"
							}
						}
					],
					"sid": 759179584523005
				},
				{
					"eventType": "block",
					"conditions": [
						{
							"id": "on-landed",
							"objectClass": "Player",
							"sid": 120259645425933,
							"behaviorType": "Platform"
						}
					],
					"actions": [
						{
							"id": "add-to-eventvar",
							"objectClass": "System",
							"sid": 171772790549766,
							"parameters": {
								"variable": "Platforms",
								"value": "1"
							}
						},
						{
							"id": "add-to-eventvar",
							"objectClass": "System",
							"sid": 150387442348041,
							"parameters": {
								"variable": "TotalDistanceTraveled",
								"value": "7"
							}
						},
						{
							"id": "play",
							"objectClass": "Audio",
							"sid": 875028127709409,
							"parameters": {
								"audio-file": "land",
								"loop": "not-looping",
								"volume": "5",
								"stereo-pan": "0",
								"tag-optional": "\"\""
							}
						}
					],
					"sid": 940628462808748
				},
				{
					"eventType": "block",
					"conditions": [
						{
							"id": "on-key-pressed",
							"objectClass": "Keyboard",
							"sid": 999475089556494,
							"parameters": {
								"key": 32
							}
						}
					],
					"actions": [
						{
							"id": "set-visible",
							"objectClass": "Text2",
							"sid": 435228722214621,
							"parameters": {
								"visibility": "invisible"
							}
						}
					],
					"sid": 773656489915062
				}
			],
			"sid": 271466868894585
		},
		{
			"eventType": "group",
			"disabled": false,
			"title": "PlayerBehavior",
			"description": "",
			"isActiveOnStart": true,
			"children": [
				{
					"eventType": "block",
					"conditions": [
						{
							"id": "on-collision-with-another-object",
							"objectClass": "Player",
							"sid": 208308928102824,
							"parameters": {
								"object": "Lava"
							}
						}
					],
					"actions": [
						{
							"id": "destroy",
							"objectClass": "Player",
							"sid": 393501078091009
						},
						{
							"id": "go-to-nextprevious-layout",
							"objectClass": "System",
							"sid": 130546141299449,
							"parameters": {
								"which": "next"
							}
						}
					],
					"sid": 298480355549869
				},
				{
					"eventType": "block",
					"conditions": [
						{
							"id": "key-is-down",
							"objectClass": "Keyboard",
							"sid": 713236785195473,
							"parameters": {
								"key": 68
							}
						},
						{
							"id": "compare-boolean-eventvar",
							"objectClass": "System",
							"sid": 910878468096148,
							"parameters": {
								"variable": "Dashing"
							},
							"isInverted": true
						}
					],
					"actions": [
						{
							"id": "simulate-control",
							"objectClass": "Player",
							"sid": 612527220252890,
							"behaviorType": "Platform",
							"parameters": {
								"control": "right"
							}
						}
					],
					"sid": 373113413753279
				},
				{
					"eventType": "block",
					"conditions": [
						{
							"id": "key-is-down",
							"objectClass": "Keyboard",
							"sid": 127565754668282,
							"parameters": {
								"key": 39
							}
						},
						{
							"id": "compare-boolean-eventvar",
							"objectClass": "System",
							"sid": 178245660914418,
							"parameters": {
								"variable": "Dashing"
							},
							"isInverted": true
						}
					],
					"actions": [
						{
							"id": "simulate-control",
							"objectClass": "Player",
							"sid": 202989062176902,
							"behaviorType": "Platform",
							"parameters": {
								"control": "right"
							}
						}
					],
					"sid": 576661194815987
				},
				{
					"eventType": "block",
					"conditions": [
						{
							"id": "key-is-down",
							"objectClass": "Keyboard",
							"sid": 428770961194257,
							"parameters": {
								"key": 68
							}
						},
						{
							"id": "compare-boolean-eventvar",
							"objectClass": "System",
							"sid": 551969738828474,
							"parameters": {
								"variable": "Dashing"
							}
						}
					],
					"actions": [
						{
							"id": "set-angle-of-motion",
							"objectClass": "Player",
							"sid": 904841012539086,
							"behaviorType": "Bullet",
							"parameters": {
								"angle": "0"
							}
						}
					],
					"sid": 762770464912015
				},
				{
					"eventType": "block",
					"conditions": [
						{
							"id": "key-is-down",
							"objectClass": "Keyboard",
							"sid": 178469619885614,
							"parameters": {
								"key": 39
							}
						},
						{
							"id": "compare-boolean-eventvar",
							"objectClass": "System",
							"sid": 680920155091357,
							"parameters": {
								"variable": "Dashing"
							}
						}
					],
					"actions": [
						{
							"id": "set-angle-of-motion",
							"objectClass": "Player",
							"sid": 212431522623599,
							"behaviorType": "Bullet",
							"parameters": {
								"angle": "0"
							}
						}
					],
					"sid": 980943417674099
				},
				{
					"eventType": "block",
					"conditions": [
						{
							"id": "key-is-down",
							"objectClass": "Keyboard",
							"sid": 637362817725994,
							"parameters": {
								"key": 65
							}
						},
						{
							"id": "compare-boolean-eventvar",
							"objectClass": "System",
							"sid": 166612166341927,
							"parameters": {
								"variable": "Dashing"
							},
							"isInverted": true
						}
					],
					"actions": [
						{
							"id": "simulate-control",
							"objectClass": "Player",
							"sid": 112051065923134,
							"behaviorType": "Platform",
							"parameters": {
								"control": "left"
							}
						}
					],
					"sid": 710915262250988
				},
				{
					"eventType": "block",
					"conditions": [
						{
							"id": "key-is-down",
							"objectClass": "Keyboard",
							"sid": 458705889596518,
							"parameters": {
								"key": 37
							}
						},
						{
							"id": "compare-boolean-eventvar",
							"objectClass": "System",
							"sid": 768241570411615,
							"parameters": {
								"variable": "Dashing"
							},
							"isInverted": true
						}
					],
					"actions": [
						{
							"id": "simulate-control",
							"objectClass": "Player",
							"sid": 461529569511667,
							"behaviorType": "Platform",
							"parameters": {
								"control": "left"
							}
						}
					],
					"sid": 794109219990631
				},
				{
					"eventType": "block",
					"conditions": [
						{
							"id": "key-is-down",
							"objectClass": "Keyboard",
							"sid": 705760943988070,
							"parameters": {
								"key": 65
							}
						},
						{
							"id": "compare-boolean-eventvar",
							"objectClass": "System",
							"sid": 480139437876391,
							"parameters": {
								"variable": "Dashing"
							}
						}
					],
					"actions": [
						{
							"id": "set-angle-of-motion",
							"objectClass": "Player",
							"sid": 518522542602097,
							"behaviorType": "Bullet",
							"parameters": {
								"angle": "180"
							}
						}
					],
					"sid": 434818353003863
				},
				{
					"eventType": "block",
					"conditions": [
						{
							"id": "key-is-down",
							"objectClass": "Keyboard",
							"sid": 423323654350799,
							"parameters": {
								"key": 37
							}
						},
						{
							"id": "compare-boolean-eventvar",
							"objectClass": "System",
							"sid": 666463653410034,
							"parameters": {
								"variable": "Dashing"
							}
						}
					],
					"actions": [
						{
							"id": "set-angle-of-motion",
							"objectClass": "Player",
							"sid": 584520511272152,
							"behaviorType": "Bullet",
							"parameters": {
								"angle": "180"
							}
						}
					],
					"sid": 820074546609562
				},
				{
					"eventType": "block",
					"conditions": [
						{
							"id": "key-is-down",
							"objectClass": "Keyboard",
							"sid": 132603546496155,
							"parameters": {
								"key": 87
							}
						},
						{
							"id": "compare-boolean-eventvar",
							"objectClass": "System",
							"sid": 323044389350143,
							"parameters": {
								"variable": "Dashing"
							},
							"isInverted": true
						}
					],
					"actions": [
						{
							"id": "simulate-control",
							"objectClass": "Player",
							"sid": 402218540818174,
							"behaviorType": "Platform",
							"parameters": {
								"control": "jump"
							}
						}
					],
					"sid": 496165099292027
				},
				{
					"eventType": "block",
					"conditions": [
						{
							"id": "key-is-down",
							"objectClass": "Keyboard",
							"sid": 259219160479390,
							"parameters": {
								"key": 38
							}
						},
						{
							"id": "compare-boolean-eventvar",
							"objectClass": "System",
							"sid": 882489036806134,
							"parameters": {
								"variable": "Dashing"
							},
							"isInverted": true
						}
					],
					"actions": [
						{
							"id": "simulate-control",
							"objectClass": "Player",
							"sid": 130573362946337,
							"behaviorType": "Platform",
							"parameters": {
								"control": "jump"
							}
						}
					],
					"sid": 397464117797128
				},
				{
					"eventType": "block",
					"conditions": [
						{
							"id": "is-falling",
							"objectClass": "Player",
							"sid": 327493695614979,
							"behaviorType": "Platform"
						}
					],
					"actions": [
						{
							"id": "set-boolean-eventvar",
							"objectClass": "System",
							"sid": 489704422032272,
							"parameters": {
								"variable": "canDash",
								"value": "true"
							}
						}
					],
					"sid": 763016545212216
				},
				{
					"eventType": "block",
					"conditions": [
						{
							"id": "is-on-floor",
							"objectClass": "Player",
							"sid": 612037750482927,
							"behaviorType": "Platform"
						}
					],
					"actions": [
						{
							"id": "set-boolean-eventvar",
							"objectClass": "System",
							"sid": 526955274616432,
							"parameters": {
								"variable": "canDash",
								"value": "false"
							}
						}
					],
					"sid": 779848190576293
				},
				{
					"eventType": "block",
					"conditions": [
						{
							"id": "key-is-down",
							"objectClass": "Keyboard",
							"sid": 836572043987725,
							"parameters": {
								"key": 32
							}
						},
						{
							"id": "compare-boolean-eventvar",
							"objectClass": "System",
							"sid": 703765460817172,
							"parameters": {
								"variable": "canDash"
							}
						}
					],
					"actions": [
						{
							"id": "set-boolean-eventvar",
							"objectClass": "System",
							"sid": 853712098039164,
							"parameters": {
								"variable": "canDash",
								"value": "false"
							}
						},
						{
							"id": "set-boolean-eventvar",
							"objectClass": "System",
							"sid": 770680163771019,
							"parameters": {
								"variable": "Dashing",
								"value": "true"
							}
						},
						{
							"id": "start-timer",
							"objectClass": "Player",
							"sid": 703707042458088,
							"behaviorType": "Timer",
							"parameters": {
								"duration": "2",
								"type": "once",
								"tag": "\"DashCoolDown\""
							}
						},
						{
							"id": "set-enabled",
							"objectClass": "Player",
							"sid": 324155644083796,
							"behaviorType": "Bullet",
							"parameters": {
								"state": "enabled"
							}
						},
						{
							"id": "start-timer",
							"objectClass": "Player",
							"sid": 501961830612262,
							"behaviorType": "Timer",
							"parameters": {
								"duration": "0.2",
								"type": "once",
								"tag": "\"BulletTimer\""
							}
						}
					],
					"sid": 304953922664788
				},
				{
					"eventType": "block",
					"conditions": [
						{
							"id": "on-timer",
							"objectClass": "Player",
							"sid": 812118502959093,
							"behaviorType": "Timer",
							"parameters": {
								"tag": "\"DashCoolDown\""
							}
						}
					],
					"actions": [
						{
							"id": "set-boolean-eventvar",
							"objectClass": "System",
							"sid": 768134395813674,
							"parameters": {
								"variable": "canDash",
								"value": "true"
							}
						}
					],
					"sid": 177471110111285
				},
				{
					"eventType": "block",
					"conditions": [
						{
							"id": "on-timer",
							"objectClass": "Player",
							"sid": 481664886344184,
							"behaviorType": "Timer",
							"parameters": {
								"tag": "\"BulletTimer\""
							}
						}
					],
					"actions": [
						{
							"id": "set-enabled",
							"objectClass": "Player",
							"sid": 566446589046674,
							"behaviorType": "Bullet",
							"parameters": {
								"state": "disabled"
							}
						},
						{
							"id": "set-boolean-eventvar",
							"objectClass": "System",
							"sid": 517523321679691,
							"parameters": {
								"variable": "Dashing",
								"value": "false"
							}
						}
					],
					"sid": 123468925124996
				},
				{
					"eventType": "block",
					"conditions": [
						{
							"id": "on-jump",
							"objectClass": "Player",
							"sid": 775689749764573,
							"behaviorType": "Platform"
						}
					],
					"actions": [
						{
							"id": "play",
							"objectClass": "Audio",
							"sid": 861511341689512,
							"parameters": {
								"audio-file": "jump",
								"loop": "not-looping",
								"volume": "5",
								"stereo-pan": "0",
								"tag-optional": "\"\""
							}
						}
					],
					"sid": 933818875960615
				},
				{
					"eventType": "block",
					"conditions": [
						{
							"id": "on-key-pressed",
							"objectClass": "Keyboard",
							"sid": 435400264621712,
							"parameters": {
								"key": 32
							}
						}
					],
					"actions": [
						{
							"id": "play",
							"objectClass": "Audio",
							"sid": 203800447479982,
							"parameters": {
								"audio-file": "Dash",
								"loop": "not-looping",
								"volume": "5",
								"stereo-pan": "0",
								"tag-optional": "\"\""
							}
						}
					],
					"sid": 566894743720666
				}
			],
			"sid": 301020629775835
		},
		{
			"eventType": "group",
			"disabled": false,
			"title": "PlatformBehavior",
			"description": "",
			"isActiveOnStart": true,
			"children": [
				{
					"eventType": "block",
					"conditions": [
						{
							"id": "every-x-seconds",
							"objectClass": "System",
							"sid": 721115337357768,
							"parameters": {
								"interval-seconds": "1.0"
							}
						},
						{
							"id": "is-visible",
							"objectClass": "Player",
							"sid": 327668601938784
						}
					],
					"actions": [
						{
							"id": "create-object",
							"objectClass": "System",
							"sid": 401204553588998,
							"parameters": {
								"object-to-create": "SolidPlatform",
								"layer": "1",
								"x": "random(0, LayoutWidth)",
								"y": "-40",
								"create-hierarchy": false,
								"template-name": "\"\""
							}
						}
					],
					"sid": 547292580448409
				},
				{
					"eventType": "block",
					"conditions": [
						{
							"id": "is-visible",
							"objectClass": "Player",
							"sid": 989243604189642
						},
						{
							"id": "every-tick",
							"objectClass": "System",
							"sid": 995870935022560
						}
					],
					"actions": [
						{
							"id": "accelerate",
							"objectClass": "SolidPlatform",
							"sid": 969968097474489,
							"behaviorType": "Custom",
							"parameters": {
								"which": "vertically",
								"acceleration": "50"
							}
						}
					],
					"sid": 397562180615241
				},
				{
					"eventType": "block",
					"conditions": [
						{
							"id": "every-x-seconds",
							"objectClass": "System",
							"sid": 972013252301396,
							"parameters": {
								"interval-seconds": "1.0"
							}
						},
						{
							"id": "is-visible",
							"objectClass": "Player",
							"sid": 980689073805135
						}
					],
					"actions": [
						{
							"id": "create-object",
							"objectClass": "System",
							"sid": 511802722248088,
							"parameters": {
								"object-to-create": "BreakingPlatform",
								"layer": "1",
								"x": "random(0, LayoutWidth)",
								"y": "-40",
								"create-hierarchy": false,
								"template-name": "\"\""
							}
						}
					],
					"sid": 846729945768756
				},
				{
					"eventType": "block",
					"conditions": [
						{
							"id": "is-visible",
							"objectClass": "Player",
							"sid": 780711652818198
						},
						{
							"id": "every-tick",
							"objectClass": "System",
							"sid": 194579108736724
						}
					],
					"actions": [
						{
							"id": "accelerate",
							"objectClass": "BreakingPlatform",
							"sid": 365080986419999,
							"behaviorType": "Custom",
							"parameters": {
								"which": "vertically",
								"acceleration": "50"
							}
						}
					],
					"sid": 244279615558870
				},
				{
					"eventType": "block",
					"conditions": [
						{
							"id": "every-x-seconds",
							"objectClass": "System",
							"sid": 309614026068867,
							"parameters": {
								"interval-seconds": "1.0"
							}
						},
						{
							"id": "is-visible",
							"objectClass": "Player",
							"sid": 392726080581974
						}
					],
					"actions": [
						{
							"id": "create-object",
							"objectClass": "System",
							"sid": 689647584124016,
							"parameters": {
								"object-to-create": "PhasePlatform",
								"layer": "1",
								"x": "random(0, LayoutWidth)",
								"y": "-40",
								"create-hierarchy": false,
								"template-name": "\"\""
							}
						}
					],
					"sid": 699194558897902
				},
				{
					"eventType": "block",
					"conditions": [
						{
							"id": "is-visible",
							"objectClass": "Player",
							"sid": 479467174145117
						},
						{
							"id": "every-tick",
							"objectClass": "System",
							"sid": 543433639556285
						}
					],
					"actions": [
						{
							"id": "accelerate",
							"objectClass": "PhasePlatform",
							"sid": 270317613848875,
							"behaviorType": "Custom",
							"parameters": {
								"which": "vertically",
								"acceleration": "50"
							}
						}
					],
					"sid": 911657188246540
				},
				{
					"eventType": "block",
					"conditions": [
						{
							"id": "every-x-seconds",
							"objectClass": "System",
							"sid": 426830552994091,
							"parameters": {
								"interval-seconds": "1.0"
							}
						},
						{
							"id": "is-visible",
							"objectClass": "Player",
							"sid": 128131015974479
						}
					],
					"actions": [
						{
							"id": "create-object",
							"objectClass": "System",
							"sid": 198538595949816,
							"parameters": {
								"object-to-create": "BouncyPlatform",
								"layer": "1",
								"x": "random(0, LayoutWidth)",
								"y": "-40",
								"create-hierarchy": false,
								"template-name": "\"\""
							}
						}
					],
					"sid": 414622231892569
				},
				{
					"eventType": "block",
					"conditions": [
						{
							"id": "is-visible",
							"objectClass": "Player",
							"sid": 444328800390431
						},
						{
							"id": "every-tick",
							"objectClass": "System",
							"sid": 924660670911811
						}
					],
					"actions": [
						{
							"id": "accelerate",
							"objectClass": "BouncyPlatform",
							"sid": 631370037051062,
							"behaviorType": "Custom",
							"parameters": {
								"which": "vertically",
								"acceleration": "50"
							}
						}
					],
					"sid": 574661358281416
				},
				{
					"eventType": "block",
					"conditions": [
						{
							"id": "on-collision-with-another-object",
							"objectClass": "Player",
							"sid": 384478963489548,
							"parameters": {
								"object": "BreakingPlatform"
							}
						}
					],
					"actions": [
						{
							"id": "start-fade",
							"objectClass": "BreakingPlatform",
							"sid": 638224891844696,
							"behaviorType": "Fade"
						}
					],
					"sid": 640257933375748
				},
				{
					"eventType": "block",
					"conditions": [
						{
							"id": "on-collision-with-another-object",
							"objectClass": "Player",
							"sid": 917986688538607,
							"parameters": {
								"object": "BouncyPlatform"
							}
						}
					],
					"actions": [
						{
							"id": "set-enabled",
							"objectClass": "Player",
							"sid": 890763406642915,
							"behaviorType": "Bullet",
							"parameters": {
								"state": "enabled"
							}
						},
						{
							"id": "set-angle-of-motion",
							"objectClass": "Player",
							"sid": 122171969161078,
							"behaviorType": "Bullet",
							"parameters": {
								"angle": "-90"
							}
						},
						{
							"id": "set-speed",
							"objectClass": "Player",
							"sid": 683638136220892,
							"behaviorType": "Bullet",
							"parameters": {
								"speed": "1000"
							}
						},
						{
							"id": "wait",
							"objectClass": "System",
							"sid": 527277598326722,
							"parameters": {
								"seconds": "0.1",
								"use-timescale": true
							}
						},
						{
							"id": "set-speed",
							"objectClass": "Player",
							"sid": 998574202619065,
							"behaviorType": "Bullet",
							"parameters": {
								"speed": "500"
							}
						},
						{
							"id": "set-enabled",
							"objectClass": "Player",
							"sid": 875473984205130,
							"behaviorType": "Bullet",
							"parameters": {
								"state": "disabled"
							}
						},
						{
							"id": "reset-double-jump",
							"objectClass": "Player",
							"sid": 239777521367861,
							"behaviorType": "Platform",
							"parameters": {
								"double-jump-allowed": true
							}
						}
					],
					"sid": 112687340402476
				}
			],
			"sid": 169308209554218
		},
		{
			"eventType": "group",
			"disabled": false,
			"title": "BackgroundBehavior",
			"description": "",
			"isActiveOnStart": true,
			"children": [
				{
					"eventType": "block",
					"conditions": [
						{
							"id": "compare-two-values",
							"objectClass": "System",
							"sid": 456606645144028,
							"parameters": {
								"first-value": "LayoutName",
								"comparison": 0,
								"second-value": "\"Layout 1\""
							}
						}
					],
					"actions": [
						{
							"id": "set-enabled",
							"objectClass": "Sprite",
							"sid": 907406986794094,
							"behaviorType": "Bullet",
							"parameters": {
								"state": "enabled"
							}
						}
					],
					"sid": 390235036531559
				},
				{
					"eventType": "block",
					"conditions": [
						{
							"id": "compare-two-values",
							"objectClass": "System",
							"sid": 813455833504771,
							"parameters": {
								"first-value": "LayoutName",
								"comparison": 0,
								"second-value": "\"Death\""
							}
						}
					],
					"actions": [
						{
							"id": "set-enabled",
							"objectClass": "Sprite",
							"sid": 623408699663581,
							"behaviorType": "Bullet",
							"parameters": {
								"state": "disabled"
							}
						}
					],
					"sid": 379142615216092
				},
				{
					"eventType": "block",
					"conditions": [
						{
							"id": "every-x-seconds",
							"objectClass": "System",
							"sid": 297594530579095,
							"parameters": {
								"interval-seconds": "0.45"
							}
						},
						{
							"id": "compare-two-values",
							"objectClass": "System",
							"sid": 998411839158885,
							"parameters": {
								"first-value": "LayoutName",
								"comparison": 0,
								"second-value": "\"Layout 1\""
							}
						}
					],
					"actions": [
						{
							"id": "create-object",
							"objectClass": "System",
							"sid": 445480970422086,
							"parameters": {
								"object-to-create": "Sprite",
								"layer": "0",
								"x": "4",
								"y": "-110",
								"create-hierarchy": false,
								"template-name": "\"\""
							}
						},
						{
							"id": "create-object",
							"objectClass": "System",
							"sid": 572104167208899,
							"parameters": {
								"object-to-create": "Sprite",
								"layer": "0",
								"x": "430",
								"y": "-110",
								"create-hierarchy": false,
								"template-name": "\"\""
							}
						},
						{
							"id": "create-object",
							"objectClass": "System",
							"sid": 784397250276316,
							"parameters": {
								"object-to-create": "Sprite",
								"layer": "0",
								"x": "800",
								"y": "-110",
								"create-hierarchy": false,
								"template-name": "\"\""
							}
						},
						{
							"id": "create-object",
							"objectClass": "System",
							"sid": 912395175036561,
							"parameters": {
								"object-to-create": "Sprite",
								"layer": "0",
								"x": "1200",
								"y": "-110",
								"create-hierarchy": false,
								"template-name": "\"\""
							}
						},
						{
							"id": "create-object",
							"objectClass": "System",
							"sid": 638336052819010,
							"parameters": {
								"object-to-create": "Sprite",
								"layer": "0",
								"x": "1600",
								"y": "-110",
								"create-hierarchy": false,
								"template-name": "\"\""
							}
						}
					],
					"sid": 938144385129370
				},
				{
					"eventType": "block",
					"conditions": [
						{
							"id": "on-start-of-layout",
							"objectClass": "System",
							"sid": 525651001433962
						},
						{
							"id": "compare-two-values",
							"objectClass": "System",
							"sid": 228236216441062,
							"parameters": {
								"first-value": "LayoutName",
								"comparison": 0,
								"second-value": "\"Layout 1\""
							}
						}
					],
					"actions": [
						{
							"id": "create-object",
							"objectClass": "System",
							"sid": 270088123496568,
							"parameters": {
								"object-to-create": "Sprite",
								"layer": "0",
								"x": "4",
								"y": "-110",
								"create-hierarchy": false,
								"template-name": "\"\""
							}
						},
						{
							"id": "create-object",
							"objectClass": "System",
							"sid": 746944519627611,
							"parameters": {
								"object-to-create": "Sprite",
								"layer": "0",
								"x": "430",
								"y": "-110",
								"create-hierarchy": false,
								"template-name": "\"\""
							}
						},
						{
							"id": "create-object",
							"objectClass": "System",
							"sid": 236856212613847,
							"parameters": {
								"object-to-create": "Sprite",
								"layer": "0",
								"x": "800",
								"y": "-110",
								"create-hierarchy": false,
								"template-name": "\"\""
							}
						},
						{
							"id": "create-object",
							"objectClass": "System",
							"sid": 277987982324718,
							"parameters": {
								"object-to-create": "Sprite",
								"layer": "0",
								"x": "1200",
								"y": "-110",
								"create-hierarchy": false,
								"template-name": "\"\""
							}
						},
						{
							"id": "create-object",
							"objectClass": "System",
							"sid": 475014690446023,
							"parameters": {
								"object-to-create": "Sprite",
								"layer": "0",
								"x": "1600",
								"y": "-110",
								"create-hierarchy": false,
								"template-name": "\"\""
							}
						}
					],
					"sid": 840887552501475
				}
			],
			"sid": 805592846037295
		}
	],
	"sid": 221213372911405
}