{
	"name": "Layout 2",
	"layers": [
		{
			"name": "Background",
			"overriden": 0,
			"subLayers": [],
			"instances": [],
			"sid": 940147502158835,
			"effectTypes": [],
			"isInitiallyVisible": true,
			"isInitiallyInteractive": true,
			"isHTMLElementsLayer": false,
			"color": [
				1,
				1,
				1,
				1
			],
			"backgroundColor": [
				0.1411764705882353,
				0.1411764705882353,
				0.1411764705882353,
				1
			],
			"isTransparent": false,
			"parallaxX": 1,
			"parallaxY": 1,
			"scaleRate": 1,
			"forceOwnTexture": false,
			"renderingMode": "2d",
			"drawOrder": "z-order",
			"useRenderCells": false,
			"blendMode": "normal",
			"zElevation": 0,
			"global": false
		},
		{
			"name": "LevelDesign",
			"overriden": 0,
			"subLayers": [],
			"instances": [
				{
					"type": "Solid2",
					"properties": {
						"initially-visible": true,
						"initial-animation": "Animation 1",
						"initial-frame": 0,
						"enable-collisions": true,
						"live-preview": false
					},
					"uid": 20,
					"sid": 327634721588014,
					"tags": "",
					"instanceVariables": {},
					"behaviors": {
						"Solid": {
							"properties": {
								"enabled": true,
								"tags": ""
							}
						}
					},
					"instanceFolderItem": {
						"sid": 327634721588014,
						"expanded": true
					},
					"showing": true,
					"locked": false,
					"world": {
						"x": 64,
						"y": 256,
						"width": 96,
						"height": 16,
						"originX": 0.5,
						"originY": 0.5,
						"color": [
							1,
							1,
							1,
							1
						],
						"angle": 0,
						"zElevation": 0
					}
				},
				{
					"type": "Portal",
					"properties": {
						"initially-visible": true,
						"initial-animation": "Animation 1",
						"initial-frame": 0,
						"enable-collisions": true,
						"live-preview": false
					},
					"uid": 21,
					"sid": 527180737558519,
					"tags": "",
					"instanceVariables": {},
					"behaviors": {},
					"instanceFolderItem": {
						"sid": 527180737558519,
						"expanded": true
					},
					"showing": true,
					"locked": false,
					"world": {
						"x": 544,
						"y": 288,
						"width": 128.44799999999998,
						"height": 43.199999999999996,
						"originX": 0.5201793721973094,
						"originY": -0.52,
						"color": [
							1,
							1,
							1,
							1
						],
						"angle": 0,
						"zElevation": 0
					}
				},
				{
					"type": "Player",
					"properties": {
						"initially-visible": true,
						"initial-animation": "Animation 1",
						"initial-frame": 0,
						"enable-collisions": true,
						"live-preview": false
					},
					"uid": 22,
					"sid": 772109718318237,
					"tags": "",
					"instanceVariables": {},
					"behaviors": {
						"Platform": {
							"properties": {
								"max-speed": 100,
								"acceleration": 300,
								"deceleration": 1500,
								"jump-strength": 300,
								"gravity": 1500,
								"max-fall-speed": 1000,
								"double-jump": true,
								"jump-sustain": 1,
								"default-controls": true,
								"enabled": true
							}
						}
					},
					"instanceFolderItem": {
						"sid": 772109718318237,
						"expanded": true
					},
					"showing": true,
					"locked": false,
					"world": {
						"x": 48,
						"y": 240,
						"width": 16,
						"height": 16,
						"originX": 0.5,
						"originY": 0.5,
						"color": [
							1,
							1,
							1,
							1
						],
						"angle": 0,
						"zElevation": 0
					}
				},
				{
					"type": "Solid2",
					"properties": {
						"initially-visible": true,
						"initial-animation": "Animation 1",
						"initial-frame": 0,
						"enable-collisions": true,
						"live-preview": false
					},
					"uid": 26,
					"sid": 156258098968027,
					"tags": "",
					"instanceVariables": {},
					"behaviors": {
						"Solid": {
							"properties": {
								"enabled": true,
								"tags": ""
							}
						}
					},
					"instanceFolderItem": {
						"sid": 156258098968027,
						"expanded": true
					},
					"showing": true,
					"locked": false,
					"world": {
						"x": 128,
						"y": 336,
						"width": 16,
						"height": -16,
						"originX": 0.5,
						"originY": 0.5,
						"color": [
							1,
							1,
							1,
							1
						],
						"angle": 0,
						"zElevation": 0
					}
				},
				{
					"type": "Solid2",
					"properties": {
						"initially-visible": true,
						"initial-animation": "Animation 1",
						"initial-frame": 0,
						"enable-collisions": true,
						"live-preview": false
					},
					"uid": 27,
					"sid": 770224800774721,
					"tags": "",
					"instanceVariables": {},
					"behaviors": {
						"Solid": {
							"properties": {
								"enabled": true,
								"tags": ""
							}
						}
					},
					"instanceFolderItem": {
						"sid": 770224800774721,
						"expanded": true
					},
					"showing": true,
					"locked": false,
					"world": {
						"x": 320,
						"y": 136,
						"width": 16,
						"height": 80,
						"originX": 0.5,
						"originY": 0.5,
						"color": [
							1,
							1,
							1,
							1
						],
						"angle": 0,
						"zElevation": 0
					}
				},
				{
					"type": "Solid2",
					"properties": {
						"initially-visible": true,
						"initial-animation": "Animation 1",
						"initial-frame": 0,
						"enable-collisions": true,
						"live-preview": false
					},
					"uid": 28,
					"sid": 540783098812405,
					"tags": "",
					"instanceVariables": {},
					"behaviors": {
						"Solid": {
							"properties": {
								"enabled": true,
								"tags": ""
							}
						}
					},
					"instanceFolderItem": {
						"sid": 540783098812405,
						"expanded": true
					},
					"showing": true,
					"locked": false,
					"world": {
						"x": 272,
						"y": 256,
						"width": 16,
						"height": -16,
						"originX": 0.5,
						"originY": 0.5,
						"color": [
							1,
							1,
							1,
							1
						],
						"angle": 0,
						"zElevation": 0
					}
				},
				{
					"type": "Solid2",
					"properties": {
						"initially-visible": true,
						"initial-animation": "Animation 1",
						"initial-frame": 0,
						"enable-collisions": true,
						"live-preview": false
					},
					"uid": 31,
					"sid": 243588003545000,
					"tags": "",
					"instanceVariables": {},
					"behaviors": {
						"Solid": {
							"properties": {
								"enabled": true,
								"tags": ""
							}
						}
					},
					"instanceFolderItem": {
						"sid": 243588003545000,
						"expanded": true
					},
					"showing": true,
					"locked": false,
					"world": {
						"x": 304,
						"y": 160,
						"width": 16,
						"height": -16,
						"originX": 0.5,
						"originY": 0.5,
						"color": [
							1,
							1,
							1,
							1
						],
						"angle": 0,
						"zElevation": 0
					}
				},
				{
					"type": "Solid2",
					"properties": {
						"initially-visible": true,
						"initial-animation": "Animation 1",
						"initial-frame": 0,
						"enable-collisions": true,
						"live-preview": false
					},
					"uid": 33,
					"sid": 967726258454915,
					"tags": "",
					"instanceVariables": {},
					"behaviors": {
						"Solid": {
							"properties": {
								"enabled": true,
								"tags": ""
							}
						}
					},
					"instanceFolderItem": {
						"sid": 967726258454915,
						"expanded": true
					},
					"showing": true,
					"locked": false,
					"world": {
						"x": 208,
						"y": 304,
						"width": 16,
						"height": -16,
						"originX": 0.5,
						"originY": 0.5,
						"color": [
							1,
							1,
							1,
							1
						],
						"angle": 0,
						"zElevation": 0
					}
				},
				{
					"type": "Solid3",
					"properties": {
						"initially-visible": true,
						"initial-animation": "Animation 1",
						"initial-frame": 0,
						"enable-collisions": true,
						"live-preview": false
					},
					"uid": 34,
					"sid": 304551428756444,
					"tags": "",
					"instanceVariables": {},
					"behaviors": {
						"Jumpthru": {
							"properties": {
								"enabled": true
							}
						}
					},
					"instanceFolderItem": {
						"sid": 304551428756444,
						"expanded": true
					},
					"showing": true,
					"locked": false,
					"world": {
						"x": 64,
						"y": 208,
						"width": 112,
						"height": -16,
						"originX": 0.5,
						"originY": 0.5,
						"color": [
							1,
							1,
							1,
							1
						],
						"angle": 0,
						"zElevation": 0
					}
				},
				{
					"type": "Collectible",
					"properties": {
						"initially-visible": true,
						"initial-animation": "Animation 1",
						"initial-frame": 0,
						"enable-collisions": true,
						"live-preview": false
					},
					"uid": 35,
					"sid": 123977318094309,
					"tags": "",
					"instanceVariables": {},
					"behaviors": {},
					"instanceFolderItem": {
						"sid": 123977318094309,
						"expanded": true
					},
					"showing": true,
					"locked": false,
					"world": {
						"x": 48,
						"y": 16,
						"width": 16,
						"height": -16,
						"originX": 0.5,
						"originY": 0.5,
						"color": [
							1,
							1,
							1,
							1
						],
						"angle": 0,
						"zElevation": 0
					}
				},
				{
					"type": "Collectible",
					"properties": {
						"initially-visible": true,
						"initial-animation": "Animation 1",
						"initial-frame": 0,
						"enable-collisions": true,
						"live-preview": false
					},
					"uid": 36,
					"sid": 347650675811126,
					"tags": "",
					"instanceVariables": {},
					"behaviors": {},
					"instanceFolderItem": {
						"sid": 347650675811126,
						"expanded": true
					},
					"showing": true,
					"locked": false,
					"world": {
						"x": 128,
						"y": 304,
						"width": 16,
						"height": -16,
						"originX": 0.5,
						"originY": 0.5,
						"color": [
							1,
							1,
							1,
							1
						],
						"angle": 0,
						"zElevation": 0
					}
				},
				{
					"type": "Solid",
					"properties": {
						"initially-visible": true,
						"initial-animation": "Animation 1",
						"initial-frame": 0,
						"enable-collisions": true,
						"live-preview": false
					},
					"uid": 29,
					"sid": 353435331947620,
					"tags": "",
					"instanceVariables": {},
					"behaviors": {
						"Solid": {
							"properties": {
								"enabled": true,
								"tags": ""
							}
						},
						"Sine": {
							"properties": {
								"movement": "horizontal",
								"wave": "sine",
								"period": 4,
								"period-random": 0,
								"period-offset": 0,
								"period-offset-random": 0,
								"magnitude": 200,
								"magnitude-random": 0,
								"enabled": true,
								"live-preview": false
							}
						}
					},
					"instanceFolderItem": {
						"sid": 353435331947620,
						"expanded": true
					},
					"showing": true,
					"locked": false,
					"world": {
						"x": 368,
						"y": 74.85951083794342,
						"width": 32,
						"height": 11.59386643252293,
						"originX": 0.5,
						"originY": 0.5,
						"color": [
							1,
							1,
							1,
							1
						],
						"angle": 0,
						"zElevation": 0
					}
				},
				{
					"type": "Solid3",
					"properties": {
						"initially-visible": true,
						"initial-animation": "Animation 1",
						"initial-frame": 0,
						"enable-collisions": true,
						"live-preview": false
					},
					"uid": 41,
					"sid": 964335934889010,
					"tags": "",
					"instanceVariables": {},
					"behaviors": {
						"Jumpthru": {
							"properties": {
								"enabled": true
							}
						}
					},
					"instanceFolderItem": {
						"sid": 964335934889010,
						"expanded": true
					},
					"showing": true,
					"locked": false,
					"world": {
						"x": 64,
						"y": 160,
						"width": 112,
						"height": -16,
						"originX": 0.5,
						"originY": 0.5,
						"color": [
							1,
							1,
							1,
							1
						],
						"angle": 0,
						"zElevation": 0
					}
				},
				{
					"type": "Solid3",
					"properties": {
						"initially-visible": true,
						"initial-animation": "Animation 1",
						"initial-frame": 0,
						"enable-collisions": true,
						"live-preview": false
					},
					"uid": 23,
					"sid": 776522840572060,
					"tags": "",
					"instanceVariables": {},
					"behaviors": {
						"Jumpthru": {
							"properties": {
								"enabled": true
							}
						}
					},
					"instanceFolderItem": {
						"sid": 776522840572060,
						"expanded": true
					},
					"showing": true,
					"locked": false,
					"world": {
						"x": 64,
						"y": 112,
						"width": 112,
						"height": -16,
						"originX": 0.5,
						"originY": 0.5,
						"color": [
							1,
							1,
							1,
							1
						],
						"angle": 0,
						"zElevation": 0
					}
				},
				{
					"type": "Solid3",
					"properties": {
						"initially-visible": true,
						"initial-animation": "Animation 1",
						"initial-frame": 0,
						"enable-collisions": true,
						"live-preview": false
					},
					"uid": 24,
					"sid": 974863110450995,
					"tags": "",
					"instanceVariables": {},
					"behaviors": {
						"Jumpthru": {
							"properties": {
								"enabled": true
							}
						}
					},
					"instanceFolderItem": {
						"sid": 974863110450995,
						"expanded": true
					},
					"showing": true,
					"locked": false,
					"world": {
						"x": 64,
						"y": 64,
						"width": 112,
						"height": -16,
						"originX": 0.5,
						"originY": 0.5,
						"color": [
							1,
							1,
							1,
							1
						],
						"angle": 0,
						"zElevation": 0
					}
				},
				{
					"type": "Solid3",
					"properties": {
						"initially-visible": true,
						"initial-animation": "Animation 1",
						"initial-frame": 0,
						"enable-collisions": true,
						"live-preview": false
					},
					"uid": 25,
					"sid": 181487455790243,
					"tags": "",
					"instanceVariables": {},
					"behaviors": {
						"Jumpthru": {
							"properties": {
								"enabled": true
							}
						}
					},
					"instanceFolderItem": {
						"sid": 181487455790243,
						"expanded": true
					},
					"showing": true,
					"locked": false,
					"world": {
						"x": 256,
						"y": 232,
						"width": 16,
						"height": -64,
						"originX": 0.5,
						"originY": 0.5,
						"color": [
							1,
							1,
							1,
							1
						],
						"angle": 0,
						"zElevation": 0
					}
				},
				{
					"type": "Solid2",
					"properties": {
						"initially-visible": true,
						"initial-animation": "Animation 1",
						"initial-frame": 0,
						"enable-collisions": true,
						"live-preview": false
					},
					"uid": 30,
					"sid": 873822732777974,
					"tags": "",
					"instanceVariables": {},
					"behaviors": {
						"Solid": {
							"properties": {
								"enabled": true,
								"tags": ""
							}
						}
					},
					"instanceFolderItem": {
						"sid": 873822732777974,
						"expanded": true
					},
					"showing": true,
					"locked": false,
					"world": {
						"x": 320,
						"y": 280,
						"width": 16,
						"height": 144,
						"originX": 0.5,
						"originY": 0.5,
						"color": [
							1,
							1,
							1,
							1
						],
						"angle": 0,
						"zElevation": 0
					}
				},
				{
					"type": "Collectible",
					"properties": {
						"initially-visible": true,
						"initial-animation": "Animation 1",
						"initial-frame": 0,
						"enable-collisions": true,
						"live-preview": false
					},
					"uid": 38,
					"sid": 712103034166244,
					"tags": "",
					"instanceVariables": {},
					"behaviors": {},
					"instanceFolderItem": {
						"sid": 712103034166244,
						"expanded": true
					},
					"showing": true,
					"locked": false,
					"world": {
						"x": 384,
						"y": 48,
						"width": 16,
						"height": -16,
						"originX": 0.5,
						"originY": 0.5,
						"color": [
							1,
							1,
							1,
							1
						],
						"angle": 0,
						"zElevation": 0
					}
				}
			],
			"sid": 272036032195775,
			"effectTypes": [],
			"isInitiallyVisible": true,
			"isInitiallyInteractive": true,
			"isHTMLElementsLayer": false,
			"color": [
				1,
				1,
				1,
				1
			],
			"backgroundColor": [
				1,
				1,
				1,
				1
			],
			"isTransparent": true,
			"parallaxX": 1,
			"parallaxY": 1,
			"scaleRate": 1,
			"forceOwnTexture": false,
			"renderingMode": "2d",
			"drawOrder": "z-order",
			"useRenderCells": false,
			"blendMode": "normal",
			"zElevation": 0,
			"global": false
		},
		{
			"name": "Tilemap",
			"overriden": 0,
			"subLayers": [],
			"instances": [
				{
					"type": "ProgressBar",
					"properties": {
						"value": 0,
						"maximum": 3,
						"tooltip": "",
						"initially-visible": true,
						"id": "",
						"class": ""
					},
					"uid": 37,
					"sid": 713083672793437,
					"tags": "",
					"instanceVariables": {},
					"behaviors": {},
					"instanceFolderItem": {
						"sid": 713083672793437,
						"expanded": true
					},
					"showing": true,
					"locked": false,
					"world": {
						"x": 432,
						"y": 16,
						"width": 200,
						"height": 25,
						"originX": 0,
						"originY": 0,
						"color": [
							1,
							1,
							1,
							1
						]
					}
				}
			],
			"sid": 588158640523602,
			"effectTypes": [],
			"isInitiallyVisible": true,
			"isInitiallyInteractive": true,
			"isHTMLElementsLayer": false,
			"color": [
				1,
				1,
				1,
				1
			],
			"backgroundColor": [
				0.3686274509803922,
				0.3686274509803922,
				0.3686274509803922,
				1
			],
			"isTransparent": true,
			"parallaxX": 1,
			"parallaxY": 1,
			"scaleRate": 1,
			"forceOwnTexture": false,
			"renderingMode": "2d",
			"drawOrder": "z-order",
			"useRenderCells": false,
			"blendMode": "normal",
			"zElevation": 0,
			"global": false
		}
	],
	"scene-graphs-folder-root": {
		"items": [],
		"subfolders": []
	},
	"sid": 744789848020237,
	"nonworld-instances": [],
	"effectTypes": [],
	"width": 640,
	"height": 360,
	"unboundedScrolling": false,
	"vpX": 0.5,
	"vpY": 0.5,
	"projection": "perspective",
	"eventSheet": "Event sheet 1"
}