{"propertiesBar":{"properties":[{"name":"Timeline","expanded":true,"children":[{"name":"Ease properties","expanded":true,"children":[]}]},{"name":"Time","expanded":true,"children":[{"name":"Step","expanded":true,"children":[]}]},{"name":"Miscellaneous","expanded":true,"children":[]},{"name":"Editor","expanded":true,"children":[]}],"scrollPosition":0},"visible":true,"locked":false,"expanded":true,"showUIElements":true,"timelineElementsCollections":[],"tracks":[],"tracksRoot":{"propertiesBar":{},"visible":true,"locked":false,"expanded":true,"showUIElements":true,"timelineElementsCollections":[],"name":"Track Folder","items":[],"subfolders":[]},"nestedTimelinesRoot":{"propertiesBar":{},"visible":true,"locked":false,"expanded":true,"showUIElements":true,"timelineElementsCollections":[],"name":"Timelines","subfolders":[]}}