{
	"name": "Layout 1",
	"layers": [
		{
			"name": "Background",
			"overriden": 0,
			"subLayers": [],
			"instances": [
				{
					"type": "background",
					"properties": {
						"initially-visible": true,
						"initial-animation": "Animation 1",
						"initial-frame": 0,
						"enable-collisions": true,
						"live-preview": false
					},
					"uid": 6,
					"sid": 379224641882259,
					"tags": "",
					"instanceVariables": {},
					"behaviors": {},
					"instanceFolderItem": {
						"sid": 379224641882259,
						"expanded": true
					},
					"showing": true,
					"locked": false,
					"world": {
						"x": 349,
						"y": 349,
						"width": 800,
						"height": 800,
						"originX": 0.5,
						"originY": 0.5,
						"color": [
							1,
							1,
							1,
							1
						],
						"angle": 0,
						"zElevation": 0
					}
				}
			],
			"sid": 263816013235897,
			"effectTypes": [],
			"isInitiallyVisible": true,
			"isInitiallyInteractive": true,
			"isHTMLElementsLayer": false,
			"color": [
				1,
				1,
				1,
				1
			],
			"backgroundColor": [
				0.3686274509803922,
				0.3686274509803922,
				0.3686274509803922,
				1
			],
			"isTransparent": true,
			"parallaxX": 1,
			"parallaxY": 1,
			"scaleRate": 1,
			"forceOwnTexture": false,
			"renderingMode": "3d",
			"drawOrder": "z-order",
			"useRenderCells": false,
			"blendMode": "normal",
			"zElevation": 0,
			"global": false
		},
		{
			"name": "PlayingObjects",
			"overriden": 0,
			"subLayers": [],
			"instances": [
				{
					"type": "Player",
					"properties": {
						"initially-visible": true,
						"initial-animation": "Animation 1",
						"initial-frame": 0,
						"enable-collisions": true,
						"live-preview": false
					},
					"uid": 2,
					"sid": 681438112637768,
					"tags": "",
					"instanceVariables": {},
					"behaviors": {
						"MoveTo": {
							"properties": {
								"max-speed": 2000,
								"acceleration": 700,
								"deceleration": 600,
								"rotate-speed": 0,
								"set-angle": true,
								"stop-on-solids": false,
								"enabled": true
							}
						}
					},
					"instanceFolderItem": {
						"sid": 681438112637768,
						"expanded": true
					},
					"showing": true,
					"locked": false,
					"world": {
						"x": 196.15476742133487,
						"y": 297,
						"width": 27,
						"height": 30,
						"originX": 0.5,
						"originY": 0.5,
						"color": [
							1,
							1,
							1,
							1
						],
						"angle": 0,
						"zElevation": 0
					}
				},
				{
					"type": "Sprite",
					"properties": {
						"initially-visible": true,
						"initial-animation": "Animation 1",
						"initial-frame": 0,
						"enable-collisions": true,
						"live-preview": false
					},
					"uid": 4,
					"sid": 192498217702494,
					"tags": "",
					"instanceVariables": {},
					"behaviors": {
						"MoveTo": {
							"properties": {
								"max-speed": 200,
								"acceleration": 600,
								"deceleration": 600,
								"rotate-speed": 0,
								"set-angle": true,
								"stop-on-solids": false,
								"enabled": true
							}
						},
						"Fade": {
							"properties": {
								"fade-in-time": 0,
								"wait-time": 0,
								"fade-out-time": 5,
								"destroy": true,
								"enabled": true,
								"live-preview": false
							}
						}
					},
					"instanceFolderItem": {
						"sid": 192498217702494,
						"expanded": true
					},
					"showing": true,
					"locked": false,
					"world": {
						"x": 800,
						"y": 20,
						"width": 10,
						"height": 10,
						"originX": 0.5,
						"originY": 0.5,
						"color": [
							1,
							1,
							1,
							1
						],
						"angle": 0,
						"zElevation": 0
					}
				},
				{
					"type": "Sprite2",
					"properties": {
						"initially-visible": true,
						"initial-animation": "Animation 1",
						"initial-frame": 0,
						"enable-collisions": true,
						"live-preview": false
					},
					"uid": 5,
					"sid": 182471749779279,
					"tags": "",
					"instanceVariables": {},
					"behaviors": {
						"Fade": {
							"properties": {
								"fade-in-time": 0,
								"wait-time": 0,
								"fade-out-time": 1,
								"destroy": true,
								"enabled": true,
								"live-preview": false
							}
						}
					},
					"instanceFolderItem": {
						"sid": 182471749779279,
						"expanded": true
					},
					"showing": true,
					"locked": false,
					"world": {
						"x": 802,
						"y": 44,
						"width": 10,
						"height": 10,
						"originX": 0.5,
						"originY": 0.5,
						"color": [
							1,
							1,
							1,
							1
						],
						"angle": 0,
						"zElevation": 0
					}
				},
				{
					"type": "Text",
					"properties": {
						"text": "Speed: \nTotal Distance: ",
						"enable-bbcode": true,
						"font": "Arial",
						"size": 12,
						"line-height": 0,
						"bold": false,
						"italic": false,
						"color": [
							1,
							1,
							1,
							1
						],
						"horizontal-alignment": "left",
						"vertical-alignment": "top",
						"wrapping": "word",
						"text-direction": "ltr",
						"icon-set": -1,
						"initially-visible": true,
						"origin": "top-left",
						"read-aloud": false
					},
					"uid": 7,
					"sid": 320687113539467,
					"tags": "",
					"instanceVariables": {},
					"behaviors": {},
					"instanceFolderItem": {
						"sid": 320687113539467,
						"expanded": true
					},
					"showing": true,
					"locked": false,
					"world": {
						"x": 37,
						"y": 30,
						"width": 200,
						"height": 55,
						"originX": 0,
						"originY": 0,
						"color": [
							1,
							1,
							1,
							1
						],
						"angle": 0,
						"zElevation": 0
					}
				},
				{
					"type": "Sprite3",
					"properties": {
						"initially-visible": true,
						"initial-animation": "Animation 1",
						"initial-frame": 0,
						"enable-collisions": true,
						"live-preview": false
					},
					"uid": 8,
					"sid": 192637063064862,
					"tags": "",
					"instanceVariables": {},
					"behaviors": {
						"MoveTo": {
							"properties": {
								"max-speed": 200,
								"acceleration": 600,
								"deceleration": 600,
								"rotate-speed": 0,
								"set-angle": true,
								"stop-on-solids": false,
								"enabled": true
							}
						},
						"Fade": {
							"properties": {
								"fade-in-time": 0,
								"wait-time": 0,
								"fade-out-time": 3,
								"destroy": true,
								"enabled": true,
								"live-preview": false
							}
						}
					},
					"instanceFolderItem": {
						"sid": 192637063064862,
						"expanded": true
					},
					"showing": true,
					"locked": false,
					"world": {
						"x": 804,
						"y": 77,
						"width": 10,
						"height": 10,
						"originX": 0.5,
						"originY": 0.5,
						"color": [
							1,
							1,
							1,
							1
						],
						"angle": 0,
						"zElevation": 0
					}
				},
				{
					"type": "Sprite4",
					"properties": {
						"initially-visible": true,
						"initial-animation": "Animation 1",
						"initial-frame": 0,
						"enable-collisions": true,
						"live-preview": false
					},
					"uid": 9,
					"sid": 491336705954926,
					"tags": "",
					"instanceVariables": {},
					"behaviors": {
						"MoveTo": {
							"properties": {
								"max-speed": 200,
								"acceleration": 600,
								"deceleration": 600,
								"rotate-speed": 0,
								"set-angle": true,
								"stop-on-solids": false,
								"enabled": true
							}
						},
						"Fade": {
							"properties": {
								"fade-in-time": 0,
								"wait-time": 0,
								"fade-out-time": 3,
								"destroy": true,
								"enabled": true,
								"live-preview": false
							}
						}
					},
					"instanceFolderItem": {
						"sid": 491336705954926,
						"expanded": true
					},
					"showing": true,
					"locked": false,
					"world": {
						"x": 809,
						"y": 112,
						"width": 10,
						"height": 10,
						"originX": 0.5,
						"originY": 0.5,
						"color": [
							1,
							1,
							1,
							1
						],
						"angle": 0,
						"zElevation": 0
					}
				}
			],
			"sid": 992216409839545,
			"effectTypes": [],
			"isInitiallyVisible": true,
			"isInitiallyInteractive": true,
			"isHTMLElementsLayer": false,
			"color": [
				1,
				1,
				1,
				1
			],
			"backgroundColor": [
				0.3686274509803922,
				0.3686274509803922,
				0.3686274509803922,
				1
			],
			"isTransparent": true,
			"parallaxX": 1,
			"parallaxY": 1,
			"scaleRate": 1,
			"forceOwnTexture": false,
			"renderingMode": "3d",
			"drawOrder": "z-order",
			"useRenderCells": false,
			"blendMode": "normal",
			"zElevation": 0,
			"global": false
		}
	],
	"scene-graphs-folder-root": {
		"items": [],
		"subfolders": []
	},
	"sid": 859940170685212,
	"nonworld-instances": [],
	"effectTypes": [],
	"width": 700,
	"height": 700,
	"unboundedScrolling": false,
	"vpX": 1,
	"vpY": 1,
	"projection": "perspective",
	"eventSheet": "Event sheet 1"
}