[["Player",{"animations":"{\"expanded\":true,\"subfolders\":[]}"}],["Lava",{"animations":"{\"expanded\":true,\"subfolders\":[]}"}],["Text",{}],["StartingPlatform",{"animations":"{\"expanded\":true,\"subfolders\":[]}"}],["Sprite",{"animations":"{\"expanded\":true,\"subfolders\":[]}"}],["SolidPlatform",{"animations":"{\"expanded\":true,\"subfolders\":[]}"}],["BreakingPlatform",{"animations":"{\"expanded\":true,\"subfolders\":[]}"}],["Keyboard",{}],["PhasePlatform",{"animations":"{\"expanded\":true,\"subfolders\":[]}"}],["BouncyPlatform",{"animations":"{\"expanded\":true,\"subfolders\":[]}"}],["Text2",{}],["Audio",{}]]