{"propertiesBar":{"properties":[{"name":"About","expanded":true,"children":[]},{"name":"Colors","expanded":true,"children":[]},{"name":"Startup","expanded":true,"children":[]},{"name":"Display","expanded":true,"children":[{"name":"Viewport size","expanded":false,"children":[]}]},{"name":"Advanced","expanded":false,"children":[]},{"name":"Editor","expanded":true,"children":[]}],"scrollPosition":0},"openTabs":{"active":{"name":"Event sheet 1","type":"eventSheet"},"open":[{"name":"Layout 1","type":"layout"},{"name":"Death","type":"layout"},{"name":"Event sheet 1","type":"eventSheet"}]},"previewEffects":true,"pauseOnUnfocus":false,"projectBar":{"name":"<root>","children":[{"name":"Assignment15","expanded":true,"children":[{"name":"Layouts","expanded":true,"children":[{"name":"Layout 1","expanded":true,"children":[]},{"name":"Death","expanded":true,"children":[]}]},{"name":"Event sheets","expanded":true,"children":[{"name":"Event sheet 1","expanded":true,"children":[]}]},{"name":"Scripts","expanded":true,"children":[]},{"name":"Object types","expanded":true,"children":[{"name":"Audio","expanded":true,"children":[]},{"name":"BouncyPlatform","expanded":true,"children":[]},{"name":"BreakingPlatform","expanded":true,"children":[]},{"name":"Keyboard","expanded":true,"children":[]},{"name":"Lava","expanded":true,"children":[]},{"name":"PhasePlatform","expanded":true,"children":[]},{"name":"Player","expanded":true,"children":[]},{"name":"SolidPlatform","expanded":true,"children":[]},{"name":"Sprite","expanded":true,"children":[]},{"name":"StartingPlatform","expanded":true,"children":[]},{"name":"Text","expanded":true,"children":[]},{"name":"Text2","expanded":true,"children":[]}]},{"name":"Families","expanded":true,"children":[]},{"name":"Timelines","expanded":true,"children":[{"name":"Eases","expanded":false,"children":[]},{"name":"Timeline 1","expanded":true,"children":[]}]},{"name":"Flowcharts","expanded":true,"children":[{"name":"Flowchart 1","expanded":true,"children":[]}]},{"name":"Sounds","expanded":true,"children":[{"name":"Dash.webm","expanded":true,"children":[]},{"name":"jump.webm","expanded":true,"children":[]},{"name":"land.webm","expanded":true,"children":[]}]},{"name":"Music","expanded":true,"children":[]},{"name":"Videos","expanded":true,"children":[]},{"name":"Fonts","expanded":true,"children":[]},{"name":"Icons & screenshots","expanded":false,"children":[{"name":"icon-128.png","expanded":true,"children":[]},{"name":"icon-16.png","expanded":true,"children":[]},{"name":"icon-256.png","expanded":true,"children":[]},{"name":"icon-32.png","expanded":true,"children":[]},{"name":"icon-512.png","expanded":true,"children":[]},{"name":"icon-64.png","expanded":true,"children":[]},{"name":"loading-logo.png","expanded":true,"children":[]}]},{"name":"Files","expanded":true,"children":[]}]}]},"propertiesBarActiveObject":{"name":"instances","type":"array"}}