{
	"name": "Event sheet 1",
	"events": [
		{
			"eventType": "variable",
			"name": "TotalDistanceTraveled",
			"type": "number",
			"initialValue": "0",
			"comment": "",
			"isStatic": false,
			"isConstant": false,
			"sid": 414606064669002
		},
		{
			"eventType": "variable",
			"name": "Clicked",
			"type": "boolean",
			"initialValue": "false",
			"comment": "",
			"isStatic": false,
			"isConstant": false,
			"sid": 655380873558643
		},
		{
			"eventType": "variable",
			"name": "TimeX",
			"type": "number",
			"initialValue": "0",
			"comment": "",
			"isStatic": false,
			"isConstant": false,
			"sid": 634444333967101
		},
		{
			"eventType": "block",
			"conditions": [
				{
					"id": "every-x-seconds",
					"objectClass": "System",
					"sid": 183557845427845,
					"parameters": {
						"interval-seconds": "1.0"
					}
				}
			],
			"actions": [
				{
					"id": "add-to-eventvar",
					"objectClass": "System",
					"sid": 900355131602537,
					"parameters": {
						"variable": "TimeX",
						"value": "1"
					}
				}
			],
			"sid": 130923180130967
		},
		{
			"eventType": "block",
			"conditions": [
				{
					"id": "on-object-clicked",
					"objectClass": "Mouse",
					"sid": 674073091420486,
					"parameters": {
						"mouse-button": "left",
						"click-type": "clicked",
						"object-clicked": "Player"
					}
				}
			],
			"actions": [
				{
					"id": "set-boolean-eventvar",
					"objectClass": "System",
					"sid": 325864323762913,
					"parameters": {
						"variable": "Clicked",
						"value": "true"
					}
				}
			],
			"sid": 661390683676462
		},
		{
			"eventType": "block",
			"conditions": [
				{
					"id": "compare-boolean-eventvar",
					"objectClass": "System",
					"sid": 355598178439717,
					"parameters": {
						"variable": "Clicked"
					}
				},
				{
					"id": "every-tick",
					"objectClass": "System",
					"sid": 914921744063351
				}
			],
			"actions": [
				{
					"id": "move-to-position",
					"objectClass": "Player",
					"sid": 185085989671178,
					"behaviorType": "MoveTo",
					"parameters": {
						"x": "Mouse.X",
						"y": "Mouse.Y",
						"mode": "direct"
					}
				},
				{
					"id": "set-text",
					"objectClass": "Text",
					"sid": 983089524013051,
					"parameters": {
						"text": "\"Speed: \" & int(Player.MoveTo.Speed) & newline &\n\"Total Distance: \" & int(TotalDistanceTraveled)"
					}
				},
				{
					"id": "add-to-eventvar",
					"objectClass": "System",
					"sid": 905519806197870,
					"parameters": {
						"variable": "TotalDistanceTraveled",
						"value": "Player.MoveTo.Speed/600"
					}
				}
			],
			"sid": 368953391522872
		},
		{
			"eventType": "block",
			"conditions": [
				{
					"id": "compare-boolean-eventvar",
					"objectClass": "System",
					"sid": 767088707752781,
					"parameters": {
						"variable": "Clicked"
					}
				},
				{
					"id": "compare-eventvar",
					"objectClass": "System",
					"sid": 512101752068963,
					"parameters": {
						"variable": "TimeX",
						"comparison": 5,
						"value": "4"
					}
				},
				{
					"id": "every-x-seconds",
					"objectClass": "System",
					"sid": 426315100175404,
					"parameters": {
						"interval-seconds": "0.2"
					}
				}
			],
			"actions": [
				{
					"id": "spawn-another-object",
					"objectClass": "Player",
					"sid": 947129056074845,
					"parameters": {
						"object": "Sprite",
						"layer": "1",
						"image-point": "1",
						"create-hierarchy": false,
						"template-name": "\"\""
					}
				}
			],
			"sid": 788915531743754
		},
		{
			"eventType": "block",
			"conditions": [
				{
					"id": "on-collision-with-another-object",
					"objectClass": "Sprite",
					"sid": 932455191032296,
					"parameters": {
						"object": "Player"
					}
				},
				{
					"id": "compare-boolean-eventvar",
					"objectClass": "System",
					"sid": 536983676807787,
					"parameters": {
						"variable": "Clicked"
					}
				}
			],
			"actions": [
				{
					"id": "destroy",
					"objectClass": "Player",
					"sid": 769431272899414
				}
			],
			"sid": 900984254736628
		},
		{
			"eventType": "block",
			"conditions": [
				{
					"id": "on-collision-with-another-object",
					"objectClass": "Sprite3",
					"sid": 125482729612818,
					"parameters": {
						"object": "Player"
					}
				},
				{
					"id": "compare-boolean-eventvar",
					"objectClass": "System",
					"sid": 435701733437358,
					"parameters": {
						"variable": "Clicked"
					}
				}
			],
			"actions": [
				{
					"id": "destroy",
					"objectClass": "Player",
					"sid": 541951153177145
				}
			],
			"sid": 414844862059793
		},
		{
			"eventType": "block",
			"conditions": [
				{
					"id": "on-collision-with-another-object",
					"objectClass": "Sprite4",
					"sid": 639318240254718,
					"parameters": {
						"object": "Player"
					}
				},
				{
					"id": "compare-boolean-eventvar",
					"objectClass": "System",
					"sid": 228880265549502,
					"parameters": {
						"variable": "Clicked"
					}
				}
			],
			"actions": [
				{
					"id": "destroy",
					"objectClass": "Player",
					"sid": 270332612112542
				}
			],
			"sid": 450098721732524
		},
		{
			"eventType": "block",
			"conditions": [
				{
					"id": "is-outside-layout",
					"objectClass": "Player",
					"sid": 820053051293346
				}
			],
			"actions": [
				{
					"id": "destroy",
					"objectClass": "Player",
					"sid": 497742022946804
				}
			],
			"sid": 145969011205894
		},
		{
			"eventType": "block",
			"conditions": [
				{
					"id": "compare-boolean-eventvar",
					"objectClass": "System",
					"sid": 660537117713989,
					"parameters": {
						"variable": "Clicked"
					}
				},
				{
					"id": "every-x-seconds",
					"objectClass": "System",
					"sid": 282895596958156,
					"parameters": {
						"interval-seconds": "0.25"
					}
				}
			],
			"actions": [
				{
					"id": "move-to-object",
					"objectClass": "Sprite",
					"sid": 719559339095806,
					"behaviorType": "MoveTo",
					"parameters": {
						"object": "Player",
						"image-point": "0",
						"mode": "add-waypoint"
					}
				}
			],
			"sid": 537403620051700
		},
		{
			"eventType": "block",
			"conditions": [
				{
					"id": "compare-boolean-eventvar",
					"objectClass": "System",
					"sid": 685877599011527,
					"parameters": {
						"variable": "Clicked"
					}
				},
				{
					"id": "every-x-seconds",
					"objectClass": "System",
					"sid": 268420988165120,
					"parameters": {
						"interval-seconds": "2"
					}
				}
			],
			"actions": [
				{
					"id": "move-to-object",
					"objectClass": "Sprite",
					"sid": 894746695091685,
					"behaviorType": "MoveTo",
					"parameters": {
						"object": "Sprite",
						"image-point": "0",
						"mode": "add-waypoint"
					}
				}
			],
			"sid": 788202208235502
		},
		{
			"eventType": "block",
			"conditions": [
				{
					"id": "compare-boolean-eventvar",
					"objectClass": "System",
					"sid": 987546548282140,
					"parameters": {
						"variable": "Clicked"
					}
				},
				{
					"id": "every-x-seconds",
					"objectClass": "System",
					"sid": 277866262396755,
					"parameters": {
						"interval-seconds": "0.15"
					}
				}
			],
			"actions": [
				{
					"id": "spawn-another-object",
					"objectClass": "Player",
					"sid": 660102153258361,
					"parameters": {
						"object": "Sprite2",
						"layer": "1",
						"image-point": "1",
						"create-hierarchy": false,
						"template-name": "\"\""
					}
				}
			],
			"sid": 834747344030329
		},
		{
			"eventType": "block",
			"conditions": [
				{
					"id": "compare-boolean-eventvar",
					"objectClass": "System",
					"sid": 294791937040556,
					"parameters": {
						"variable": "Clicked"
					}
				},
				{
					"id": "compare-eventvar",
					"objectClass": "System",
					"sid": 633053863518458,
					"parameters": {
						"variable": "TimeX",
						"comparison": 5,
						"value": "10"
					}
				},
				{
					"id": "every-x-seconds",
					"objectClass": "System",
					"sid": 709302810015070,
					"parameters": {
						"interval-seconds": "0.2"
					}
				}
			],
			"actions": [
				{
					"id": "spawn-another-object",
					"objectClass": "Player",
					"sid": 162147607787794,
					"parameters": {
						"object": "Sprite3",
						"layer": "1",
						"image-point": "1",
						"create-hierarchy": false,
						"template-name": "\"\""
					}
				}
			],
			"sid": 264865765364481
		},
		{
			"eventType": "block",
			"conditions": [
				{
					"id": "compare-boolean-eventvar",
					"objectClass": "System",
					"sid": 587504779981930,
					"parameters": {
						"variable": "Clicked"
					}
				},
				{
					"id": "compare-eventvar",
					"objectClass": "System",
					"sid": 364719098119829,
					"parameters": {
						"variable": "TimeX",
						"comparison": 5,
						"value": "10"
					}
				},
				{
					"id": "every-x-seconds",
					"objectClass": "System",
					"sid": 242322831053816,
					"parameters": {
						"interval-seconds": "0.2"
					}
				}
			],
			"actions": [
				{
					"id": "spawn-another-object",
					"objectClass": "Player",
					"sid": 545342339300498,
					"parameters": {
						"object": "Sprite4",
						"layer": "1",
						"image-point": "1",
						"create-hierarchy": false,
						"template-name": "\"\""
					}
				}
			],
			"sid": 890623276454289
		},
		{
			"eventType": "block",
			"conditions": [
				{
					"id": "compare-boolean-eventvar",
					"objectClass": "System",
					"sid": 901077935956345,
					"parameters": {
						"variable": "Clicked"
					}
				},
				{
					"id": "every-x-seconds",
					"objectClass": "System",
					"sid": 801665350163001,
					"parameters": {
						"interval-seconds": "0.25"
					}
				}
			],
			"actions": [
				{
					"id": "move-to-position",
					"objectClass": "Sprite3",
					"sid": 779923017452133,
					"behaviorType": "MoveTo",
					"parameters": {
						"x": "-200",
						"y": "-800",
						"mode": "direct"
					}
				}
			],
			"sid": 467842711864693
		},
		{
			"eventType": "block",
			"conditions": [
				{
					"id": "compare-boolean-eventvar",
					"objectClass": "System",
					"sid": 945655479829785,
					"parameters": {
						"variable": "Clicked"
					}
				},
				{
					"id": "every-x-seconds",
					"objectClass": "System",
					"sid": 934349065657054,
					"parameters": {
						"interval-seconds": "0.25"
					}
				}
			],
			"actions": [
				{
					"id": "move-to-position",
					"objectClass": "Sprite4",
					"sid": 654351408890236,
					"behaviorType": "MoveTo",
					"parameters": {
						"x": "200",
						"y": "800",
						"mode": "direct"
					}
				}
			],
			"sid": 297517030262509
		},
		{
			"eventType": "block",
			"conditions": [
				{
					"id": "compare-eventvar",
					"objectClass": "System",
					"sid": 380496082687041,
					"parameters": {
						"variable": "TotalDistanceTraveled",
						"comparison": 5,
						"value": "6700"
					}
				}
			],
			"actions": [
				{
					"id": "destroy",
					"objectClass": "Player",
					"sid": 136154146921902
				},
				{
					"id": "set-text",
					"objectClass": "Text",
					"sid": 584528278963075,
					"parameters": {
						"text": "\"YOU WIN\""
					}
				}
			],
			"sid": 624241577923365
		},
		{
			"eventType": "block",
			"conditions": [
				{
					"id": "on-any-click",
					"objectClass": "Mouse",
					"sid": 941048966467626
				}
			],
			"actions": [
				{
					"id": "restart-layout",
					"objectClass": "System",
					"sid": 347721427211352
				},
				{
					"id": "reset-eventvar",
					"objectClass": "System",
					"sid": 155111916058059,
					"parameters": {
						"variable": "TimeX"
					}
				},
				{
					"id": "reset-eventvar",
					"objectClass": "System",
					"sid": 908984966846204,
					"parameters": {
						"variable": "TotalDistanceTraveled"
					}
				}
			],
			"sid": 201493015662477
		}
	],
	"sid": 375647229751036
}