{
	"name": "Event sheet 1",
	"events": [
		{
			"eventType": "variable",
			"name": "CollectibleAmount",
			"type": "number",
			"initialValue": "0",
			"comment": "",
			"isStatic": false,
			"isConstant": false,
			"sid": 396661314716431
		},
		{
			"eventType": "block",
			"conditions": [
				{
					"id": "on-start-of-layout",
					"objectClass": "System",
					"sid": 403714149428403
				}
			],
			"actions": [
				{
					"id": "set-eventvar-value",
					"objectClass": "System",
					"sid": 197570078970943,
					"parameters": {
						"variable": "CollectibleAmount",
						"value": "0"
					}
				},
				{
					"id": "set-progress",
					"objectClass": "ProgressBar",
					"sid": 599366685881601,
					"parameters": {
						"value": "CollectibleAmount"
					}
				}
			],
			"sid": 419654861987341
		},
		{
			"eventType": "block",
			"conditions": [
				{
					"id": "compare-y",
					"objectClass": "Player",
					"sid": 919079197603557,
					"parameters": {
						"comparison": 4,
						"y-co-ordinate": "LayoutHeight"
					}
				}
			],
			"actions": [
				{
					"id": "restart-layout",
					"objectClass": "System",
					"sid": 425726914772729
				}
			],
			"sid": 724998290401358
		},
		{
			"eventType": "block",
			"conditions": [
				{
					"id": "on-collision-with-another-object",
					"objectClass": "Player",
					"sid": 747311962686974,
					"parameters": {
						"object": "Collectible"
					}
				}
			],
			"actions": [
				{
					"id": "destroy",
					"objectClass": "Collectible",
					"sid": 217900127286488
				},
				{
					"id": "add-to-eventvar",
					"objectClass": "System",
					"sid": 308328521564746,
					"parameters": {
						"variable": "CollectibleAmount",
						"value": "1"
					}
				},
				{
					"id": "set-progress",
					"objectClass": "ProgressBar",
					"sid": 728918073937249,
					"parameters": {
						"value": "CollectibleAmount"
					}
				}
			],
			"sid": 738234091381820
		},
		{
			"eventType": "block",
			"conditions": [
				{
					"id": "on-collision-with-another-object",
					"objectClass": "Player",
					"sid": 624069949369150,
					"parameters": {
						"object": "Portal"
					}
				}
			],
			"actions": [
				{
					"id": "go-to-nextprevious-layout",
					"objectClass": "System",
					"sid": 637634890987236,
					"parameters": {
						"which": "next"
					}
				}
			],
			"sid": 796442023369000
		}
	],
	"sid": 208631662798212
}