{
	"name": "Layout 1",
	"layers": [
		{
			"name": "Background",
			"overriden": 0,
			"subLayers": [],
			"instances": [],
			"sid": 263816013235897,
			"effectTypes": [],
			"isInitiallyVisible": true,
			"isInitiallyInteractive": true,
			"isHTMLElementsLayer": false,
			"color": [
				1,
				1,
				1,
				1
			],
			"backgroundColor": [
				0.3686274509803922,
				0.3686274509803922,
				0.3686274509803922,
				1
			],
			"isTransparent": true,
			"parallaxX": 1,
			"parallaxY": 1,
			"scaleRate": 1,
			"forceOwnTexture": false,
			"renderingMode": "3d",
			"drawOrder": "z-order",
			"useRenderCells": false,
			"blendMode": "normal",
			"zElevation": 0,
			"global": false
		},
		{
			"name": "PlayingObjects",
			"overriden": 0,
			"subLayers": [],
			"instances": [
				{
					"type": "Player",
					"properties": {
						"initially-visible": true,
						"initial-animation": "Animation 1",
						"initial-frame": 0,
						"enable-collisions": true,
						"live-preview": false
					},
					"uid": 2,
					"sid": 681438112637768,
					"tags": "",
					"instanceVariables": {},
					"behaviors": {
						"MoveTo": {
							"properties": {
								"max-speed": 2000,
								"acceleration": 600,
								"deceleration": 600,
								"rotate-speed": 0,
								"set-angle": true,
								"stop-on-solids": false,
								"enabled": true
							}
						}
					},
					"instanceFolderItem": {
						"sid": 681438112637768,
						"expanded": true
					},
					"showing": true,
					"locked": false,
					"world": {
						"x": 196.15476742133487,
						"y": 297,
						"width": 27,
						"height": 30,
						"originX": 0.5,
						"originY": 0.5,
						"color": [
							1,
							1,
							1,
							1
						],
						"angle": 0,
						"zElevation": 0
					}
				},
				{
					"type": "Sprite",
					"properties": {
						"initially-visible": true,
						"initial-animation": "Animation 1",
						"initial-frame": 0,
						"enable-collisions": true,
						"live-preview": false
					},
					"uid": 4,
					"sid": 192498217702494,
					"tags": "",
					"instanceVariables": {},
					"behaviors": {
						"MoveTo": {
							"properties": {
								"max-speed": 200,
								"acceleration": 600,
								"deceleration": 600,
								"rotate-speed": 0,
								"set-angle": true,
								"stop-on-solids": false,
								"enabled": true
							}
						},
						"Fade": {
							"properties": {
								"fade-in-time": 0,
								"wait-time": 0,
								"fade-out-time": 5,
								"destroy": true,
								"enabled": true,
								"live-preview": false
							}
						}
					},
					"effects": {
						"AdjustHSL": {
							"isEnabled": true,
							"parameters": {
								"hue": 0,
								"saturation": 1,
								"luminosity": 1
							}
						}
					},
					"instanceFolderItem": {
						"sid": 192498217702494,
						"expanded": true
					},
					"showing": true,
					"locked": false,
					"world": {
						"x": 772,
						"y": -10,
						"width": 10,
						"height": 10,
						"originX": 0.5,
						"originY": 0.5,
						"color": [
							1,
							1,
							1,
							1
						],
						"angle": 0,
						"zElevation": 0
					}
				},
				{
					"type": "Sprite2",
					"properties": {
						"initially-visible": true,
						"initial-animation": "Animation 1",
						"initial-frame": 0,
						"enable-collisions": true,
						"live-preview": false
					},
					"uid": 5,
					"sid": 182471749779279,
					"tags": "",
					"instanceVariables": {},
					"behaviors": {
						"Fade": {
							"properties": {
								"fade-in-time": 0,
								"wait-time": 0,
								"fade-out-time": 1,
								"destroy": true,
								"enabled": true,
								"live-preview": false
							}
						}
					},
					"instanceFolderItem": {
						"sid": 182471749779279,
						"expanded": true
					},
					"showing": true,
					"locked": false,
					"world": {
						"x": 777,
						"y": 49,
						"width": 10,
						"height": 10,
						"originX": 0.5,
						"originY": 0.5,
						"color": [
							1,
							1,
							1,
							1
						],
						"angle": 0,
						"zElevation": 0
					}
				}
			],
			"sid": 992216409839545,
			"effectTypes": [],
			"isInitiallyVisible": true,
			"isInitiallyInteractive": true,
			"isHTMLElementsLayer": false,
			"color": [
				1,
				1,
				1,
				1
			],
			"backgroundColor": [
				0.3686274509803922,
				0.3686274509803922,
				0.3686274509803922,
				1
			],
			"isTransparent": false,
			"parallaxX": 1,
			"parallaxY": 1,
			"scaleRate": 1,
			"forceOwnTexture": false,
			"renderingMode": "3d",
			"drawOrder": "z-order",
			"useRenderCells": false,
			"blendMode": "normal",
			"zElevation": 0,
			"global": false
		}
	],
	"scene-graphs-folder-root": {
		"items": [],
		"subfolders": []
	},
	"sid": 859940170685212,
	"nonworld-instances": [],
	"effectTypes": [],
	"width": 700,
	"height": 700,
	"unboundedScrolling": false,
	"vpX": 1,
	"vpY": 1,
	"projection": "perspective",
	"eventSheet": "Event sheet 1"
}