[["Tilemap",{"brushes":"[{\"name\":\"Brush 0\",\"type\":\"auto16\",\"data\":[[0,33,3,36],[1,34,2,35],[11,22,14,25],[12,23,13,24]]},{\"name\":\"Brush 1\",\"type\":\"auto47\",\"data\":[[73,39,72,43,37,70,40,38],[71,41,42,5,51,62,50,61],[21,48,59,18,49,60,19,20],[75,10,32,15,8,30,65,54],[4,7,29,17,9,31,52,63],[6,27,53,26,28,64,16,null]]},{\"name\":\"Brush 2\",\"type\":\"patch\",\"data\":{\"width\":3,\"height\":3,\"data\":[[4,5,6],[15,[{\"index\":44,\"probability\":1},{\"index\":45,\"probability\":1},{\"index\":55,\"probability\":1},{\"index\":56,\"probability\":1},{\"index\":57,\"probability\":1},{\"index\":66,\"probability\":1},{\"index\":67,\"probability\":1},{\"index\":68,\"probability\":1}],17],[26,27,28]]}},{\"name\":\"Brush 3\",\"type\":\"patch\",\"data\":{\"width\":5,\"height\":5,\"data\":[[7,27,27,27,10],[17,[{\"index\":64,\"probability\":1},{\"index\":47,\"probability\":1},{\"index\":58,\"probability\":1},{\"index\":69,\"probability\":1}],64,[{\"index\":64,\"probability\":1},{\"index\":47,\"probability\":1},{\"index\":58,\"probability\":1},{\"index\":69,\"probability\":1}],15],[17,64,[{\"index\":64,\"probability\":1},{\"index\":47,\"probability\":1},{\"index\":58,\"probability\":1},{\"index\":69,\"probability\":1}],64,15],[17,[{\"index\":64,\"probability\":1},{\"index\":47,\"probability\":1},{\"index\":58,\"probability\":1},{\"index\":69,\"probability\":1}],64,[{\"index\":64,\"probability\":1},{\"index\":47,\"probability\":1},{\"index\":58,\"probability\":1},{\"index\":69,\"probability\":1}],15],[40,5,5,5,43]]}}]"}],["Player",{"animations":"{\"expanded\":true,\"subfolders\":[]}"}],["Solid2",{"animations":"{\"expanded\":true,\"subfolders\":[]}"}],["Solid3",{"animations":"{\"expanded\":true,\"subfolders\":[]}"}],["Collectible",{"animations":"{\"expanded\":true,\"subfolders\":[]}"}],["Portal",{"animations":"{\"expanded\":true,\"subfolders\":[]}"}],["ProgressBar",{}],["Tilemap2",{"brushes":"[{\"name\":\"Brush 0\",\"type\":\"auto16\",\"data\":[[0,33,3,36],[1,34,2,35],[11,22,14,25],[12,23,13,24]]},{\"name\":\"Brush 1\",\"type\":\"auto47\",\"data\":[[73,39,72,43,37,70,40,38],[71,41,42,5,51,62,50,61],[21,48,59,18,49,60,19,20],[75,10,32,15,8,30,65,54],[4,7,29,17,9,31,52,63],[6,27,53,26,28,64,16,null]]},{\"name\":\"Brush 2\",\"type\":\"patch\",\"data\":{\"width\":3,\"height\":3,\"data\":[[4,5,6],[15,[{\"index\":44,\"probability\":1},{\"index\":45,\"probability\":1},{\"index\":55,\"probability\":1},{\"index\":56,\"probability\":1},{\"index\":57,\"probability\":1},{\"index\":66,\"probability\":1},{\"index\":67,\"probability\":1},{\"index\":68,\"probability\":1}],17],[26,27,28]]}},{\"name\":\"Brush 3\",\"type\":\"patch\",\"data\":{\"width\":5,\"height\":5,\"data\":[[7,27,27,27,10],[17,[{\"index\":64,\"probability\":1},{\"index\":47,\"probability\":1},{\"index\":58,\"probability\":1},{\"index\":69,\"probability\":1}],64,[{\"index\":64,\"probability\":1},{\"index\":47,\"probability\":1},{\"index\":58,\"probability\":1},{\"index\":69,\"probability\":1}],15],[17,64,[{\"index\":64,\"probability\":1},{\"index\":47,\"probability\":1},{\"index\":58,\"probability\":1},{\"index\":69,\"probability\":1}],64,15],[17,[{\"index\":64,\"probability\":1},{\"index\":47,\"probability\":1},{\"index\":58,\"probability\":1},{\"index\":69,\"probability\":1}],64,[{\"index\":64,\"probability\":1},{\"index\":47,\"probability\":1},{\"index\":58,\"probability\":1},{\"index\":69,\"probability\":1}],15],[40,5,5,5,43]]}}]"}]]