{
	"name": "Event sheet 1",
	"events": [
		{
			"eventType": "variable",
			"name": "CollectibleAmount",
			"type": "number",
			"initialValue": "0",
			"comment": "",
			"isStatic": false,
			"isConstant": false,
			"sid": 396661314716431
		},
		{
			"eventType": "block",
			"conditions": [
				{
					"id": "compare-y",
					"objectClass": "Player",
					"sid": 919079197603557,
					"parameters": {
						"comparison": 4,
						"y-co-ordinate": "LayoutHeight"
					}
				}
			],
			"actions": [
				{
					"id": "restart-layout",
					"objectClass": "System",
					"sid": 425726914772729
				}
			],
			"sid": 724998290401358
		},
		{
			"eventType": "block",
			"conditions": [
				{
					"id": "on-collision-with-another-object",
					"objectClass": "Player",
					"sid": 747311962686974,
					"parameters": {
						"object": "Collectible"
					}
				}
			],
			"actions": [
				{
					"id": "destroy",
					"objectClass": "Collectible",
					"sid": 217900127286488
				}
			],
			"sid": 738234091381820
		},
		{
			"eventType": "block",
			"conditions": [
				{
					"id": "on-collision-with-another-object",
					"objectClass": "Player",
					"sid": 624069949369150,
					"parameters": {
						"object": "Portal"
					}
				}
			],
			"actions": [
				{
					"id": "go-to-layout",
					"objectClass": "System",
					"sid": 840626694008498,
					"parameters": {
						"layout": "Layout 2"
					}
				}
			],
			"sid": 796442023369000
		}
	],
	"sid": 208631662798212
}