{
	"name": "Event sheet 1",
	"events": [
		{
			"eventType": "block",
			"conditions": [
				{
					"id": "every-tick",
					"objectClass": "System",
					"sid": 271268837639502
				}
			],
			"actions": [
				{
					"id": "move-to-position",
					"objectClass": "Player",
					"sid": 185085989671178,
					"behaviorType": "MoveTo",
					"parameters": {
						"x": "Mouse.X",
						"y": "Mouse.Y",
						"mode": "direct"
					}
				}
			],
			"sid": 368953391522872
		},
		{
			"eventType": "block",
			"conditions": [
				{
					"id": "compare-time",
					"objectClass": "System",
					"sid": 533607165223945,
					"parameters": {
						"comparison": 5,
						"time-seconds": "4"
					}
				},
				{
					"id": "every-x-seconds",
					"objectClass": "System",
					"sid": 368173168127468,
					"parameters": {
						"interval-seconds": "0.2"
					}
				}
			],
			"actions": [
				{
					"id": "spawn-another-object",
					"objectClass": "Player",
					"sid": 947129056074845,
					"parameters": {
						"object": "Sprite",
						"layer": "1",
						"image-point": "1",
						"create-hierarchy": false,
						"template-name": "\"\""
					}
				}
			],
			"sid": 788915531743754
		},
		{
			"eventType": "block",
			"conditions": [
				{
					"id": "on-collision-with-another-object",
					"objectClass": "Sprite",
					"sid": 684543579161696,
					"parameters": {
						"object": "Player"
					}
				}
			],
			"actions": [
				{
					"id": "destroy",
					"objectClass": "Player",
					"sid": 769431272899414
				}
			],
			"sid": 900984254736628
		},
		{
			"eventType": "block",
			"conditions": [
				{
					"id": "every-x-seconds",
					"objectClass": "System",
					"sid": 875041102876341,
					"parameters": {
						"interval-seconds": "0.25"
					}
				}
			],
			"actions": [
				{
					"id": "move-to-object",
					"objectClass": "Sprite",
					"sid": 719559339095806,
					"behaviorType": "MoveTo",
					"parameters": {
						"object": "Player",
						"image-point": "0",
						"mode": "add-waypoint"
					}
				}
			],
			"sid": 537403620051700
		},
		{
			"eventType": "block",
			"conditions": [
				{
					"id": "every-x-seconds",
					"objectClass": "System",
					"sid": 206793361695078,
					"parameters": {
						"interval-seconds": "0.10"
					}
				}
			],
			"actions": [
				{
					"id": "set-effect-parameter",
					"objectClass": "Sprite",
					"sid": 387853001197308,
					"parameters": {
						"effect": "\"AdjustHSL\"",
						"parameter-index": "0",
						"value": "random(0.255)"
					}
				}
			],
			"sid": 649713807407443
		},
		{
			"eventType": "block",
			"conditions": [
				{
					"id": "every-x-seconds",
					"objectClass": "System",
					"sid": 464084149933204,
					"parameters": {
						"interval-seconds": "2"
					}
				}
			],
			"actions": [
				{
					"id": "move-to-object",
					"objectClass": "Sprite",
					"sid": 894746695091685,
					"behaviorType": "MoveTo",
					"parameters": {
						"object": "Sprite",
						"image-point": "0",
						"mode": "add-waypoint"
					}
				}
			],
			"sid": 788202208235502
		},
		{
			"eventType": "block",
			"conditions": [
				{
					"id": "every-x-seconds",
					"objectClass": "System",
					"sid": 552785354410115,
					"parameters": {
						"interval-seconds": "0.15"
					}
				}
			],
			"actions": [
				{
					"id": "spawn-another-object",
					"objectClass": "Player",
					"sid": 660102153258361,
					"parameters": {
						"object": "Sprite2",
						"layer": "1",
						"image-point": "1",
						"create-hierarchy": false,
						"template-name": "\"\""
					}
				}
			],
			"sid": 834747344030329
		}
	],
	"sid": 375647229751036
}