{
	"name": "Death",
	"layers": [
		{
			"name": "Background",
			"overriden": 0,
			"subLayers": [],
			"instances": [
				{
					"type": "Sprite",
					"properties": {
						"initially-visible": true,
						"initial-animation": "Animation 1",
						"initial-frame": 0,
						"enable-collisions": true,
						"live-preview": false
					},
					"uid": 24,
					"sid": 664914184437703,
					"tags": "",
					"instanceVariables": {},
					"behaviors": {
						"DestroyOutsideLayout": {
							"properties": {}
						},
						"Bullet": {
							"properties": {
								"speed": 400,
								"acceleration": 0,
								"gravity": 0,
								"bounce-off-solids": false,
								"set-angle": true,
								"step": false,
								"enabled": true
							}
						}
					},
					"instanceFolderItem": {
						"sid": 664914184437703,
						"expanded": true
					},
					"showing": true,
					"locked": false,
					"world": {
						"x": 212,
						"y": 122,
						"width": 427,
						"height": 240,
						"originX": 0.5,
						"originY": 0.5,
						"color": [
							1,
							1,
							1,
							1
						],
						"angle": 0,
						"zElevation": 0
					}
				},
				{
					"type": "Sprite",
					"properties": {
						"initially-visible": true,
						"initial-animation": "Animation 1",
						"initial-frame": 0,
						"enable-collisions": true,
						"live-preview": false
					},
					"uid": 25,
					"sid": 135633981688545,
					"tags": "",
					"instanceVariables": {},
					"behaviors": {
						"DestroyOutsideLayout": {
							"properties": {}
						},
						"Bullet": {
							"properties": {
								"speed": 400,
								"acceleration": 0,
								"gravity": 0,
								"bounce-off-solids": false,
								"set-angle": true,
								"step": false,
								"enabled": true
							}
						}
					},
					"instanceFolderItem": {
						"sid": 135633981688545,
						"expanded": true
					},
					"showing": true,
					"locked": false,
					"world": {
						"x": 610,
						"y": 122,
						"width": 427,
						"height": 240,
						"originX": 0.5,
						"originY": 0.5,
						"color": [
							1,
							1,
							1,
							1
						],
						"angle": 0,
						"zElevation": 0
					}
				},
				{
					"type": "Sprite",
					"properties": {
						"initially-visible": true,
						"initial-animation": "Animation 1",
						"initial-frame": 0,
						"enable-collisions": true,
						"live-preview": false
					},
					"uid": 26,
					"sid": 973747986780227,
					"tags": "",
					"instanceVariables": {},
					"behaviors": {
						"DestroyOutsideLayout": {
							"properties": {}
						},
						"Bullet": {
							"properties": {
								"speed": 400,
								"acceleration": 0,
								"gravity": 0,
								"bounce-off-solids": false,
								"set-angle": true,
								"step": false,
								"enabled": true
							}
						}
					},
					"instanceFolderItem": {
						"sid": 973747986780227,
						"expanded": true
					},
					"showing": true,
					"locked": false,
					"world": {
						"x": 212,
						"y": 362,
						"width": 427,
						"height": 240,
						"originX": 0.5,
						"originY": 0.5,
						"color": [
							1,
							1,
							1,
							1
						],
						"angle": 0,
						"zElevation": 0
					}
				},
				{
					"type": "Sprite",
					"properties": {
						"initially-visible": true,
						"initial-animation": "Animation 1",
						"initial-frame": 0,
						"enable-collisions": true,
						"live-preview": false
					},
					"uid": 27,
					"sid": 745844273612892,
					"tags": "",
					"instanceVariables": {},
					"behaviors": {
						"DestroyOutsideLayout": {
							"properties": {}
						},
						"Bullet": {
							"properties": {
								"speed": 400,
								"acceleration": 0,
								"gravity": 0,
								"bounce-off-solids": false,
								"set-angle": true,
								"step": false,
								"enabled": true
							}
						}
					},
					"instanceFolderItem": {
						"sid": 745844273612892,
						"expanded": true
					},
					"showing": true,
					"locked": false,
					"world": {
						"x": 212,
						"y": 602,
						"width": 427,
						"height": 240,
						"originX": 0.5,
						"originY": 0.5,
						"color": [
							1,
							1,
							1,
							1
						],
						"angle": 0,
						"zElevation": 0
					}
				},
				{
					"type": "Sprite",
					"properties": {
						"initially-visible": true,
						"initial-animation": "Animation 1",
						"initial-frame": 0,
						"enable-collisions": true,
						"live-preview": false
					},
					"uid": 28,
					"sid": 966544274042282,
					"tags": "",
					"instanceVariables": {},
					"behaviors": {
						"DestroyOutsideLayout": {
							"properties": {}
						},
						"Bullet": {
							"properties": {
								"speed": 400,
								"acceleration": 0,
								"gravity": 0,
								"bounce-off-solids": false,
								"set-angle": true,
								"step": false,
								"enabled": true
							}
						}
					},
					"instanceFolderItem": {
						"sid": 966544274042282,
						"expanded": true
					},
					"showing": true,
					"locked": false,
					"world": {
						"x": 212,
						"y": 782,
						"width": 427,
						"height": 240,
						"originX": 0.5,
						"originY": 0.5,
						"color": [
							1,
							1,
							1,
							1
						],
						"angle": 0,
						"zElevation": 0
					}
				},
				{
					"type": "Sprite",
					"properties": {
						"initially-visible": true,
						"initial-animation": "Animation 1",
						"initial-frame": 0,
						"enable-collisions": true,
						"live-preview": false
					},
					"uid": 29,
					"sid": 814249918015809,
					"tags": "",
					"instanceVariables": {},
					"behaviors": {
						"DestroyOutsideLayout": {
							"properties": {}
						},
						"Bullet": {
							"properties": {
								"speed": 400,
								"acceleration": 0,
								"gravity": 0,
								"bounce-off-solids": false,
								"set-angle": true,
								"step": false,
								"enabled": true
							}
						}
					},
					"instanceFolderItem": {
						"sid": 814249918015809,
						"expanded": true
					},
					"showing": true,
					"locked": false,
					"world": {
						"x": 610,
						"y": 362,
						"width": 427,
						"height": 240,
						"originX": 0.5,
						"originY": 0.5,
						"color": [
							1,
							1,
							1,
							1
						],
						"angle": 0,
						"zElevation": 0
					}
				},
				{
					"type": "Sprite",
					"properties": {
						"initially-visible": true,
						"initial-animation": "Animation 1",
						"initial-frame": 0,
						"enable-collisions": true,
						"live-preview": false
					},
					"uid": 30,
					"sid": 210590906649687,
					"tags": "",
					"instanceVariables": {},
					"behaviors": {
						"DestroyOutsideLayout": {
							"properties": {}
						},
						"Bullet": {
							"properties": {
								"speed": 400,
								"acceleration": 0,
								"gravity": 0,
								"bounce-off-solids": false,
								"set-angle": true,
								"step": false,
								"enabled": true
							}
						}
					},
					"instanceFolderItem": {
						"sid": 210590906649687,
						"expanded": true
					},
					"showing": true,
					"locked": false,
					"world": {
						"x": 610,
						"y": 602,
						"width": 427,
						"height": 240,
						"originX": 0.5,
						"originY": 0.5,
						"color": [
							1,
							1,
							1,
							1
						],
						"angle": 0,
						"zElevation": 0
					}
				},
				{
					"type": "Sprite",
					"properties": {
						"initially-visible": true,
						"initial-animation": "Animation 1",
						"initial-frame": 0,
						"enable-collisions": true,
						"live-preview": false
					},
					"uid": 31,
					"sid": 157865153690813,
					"tags": "",
					"instanceVariables": {},
					"behaviors": {
						"DestroyOutsideLayout": {
							"properties": {}
						},
						"Bullet": {
							"properties": {
								"speed": 400,
								"acceleration": 0,
								"gravity": 0,
								"bounce-off-solids": false,
								"set-angle": true,
								"step": false,
								"enabled": true
							}
						}
					},
					"instanceFolderItem": {
						"sid": 157865153690813,
						"expanded": true
					},
					"showing": true,
					"locked": false,
					"world": {
						"x": 610,
						"y": 782,
						"width": 427,
						"height": 240,
						"originX": 0.5,
						"originY": 0.5,
						"color": [
							1,
							1,
							1,
							1
						],
						"angle": 0,
						"zElevation": 0
					}
				},
				{
					"type": "Sprite",
					"properties": {
						"initially-visible": true,
						"initial-animation": "Animation 1",
						"initial-frame": 0,
						"enable-collisions": true,
						"live-preview": false
					},
					"uid": 32,
					"sid": 811802892483886,
					"tags": "",
					"instanceVariables": {},
					"behaviors": {
						"DestroyOutsideLayout": {
							"properties": {}
						},
						"Bullet": {
							"properties": {
								"speed": 400,
								"acceleration": 0,
								"gravity": 0,
								"bounce-off-solids": false,
								"set-angle": true,
								"step": false,
								"enabled": true
							}
						}
					},
					"instanceFolderItem": {
						"sid": 811802892483886,
						"expanded": true
					},
					"showing": true,
					"locked": false,
					"world": {
						"x": 1000,
						"y": 122,
						"width": 427,
						"height": 240,
						"originX": 0.5,
						"originY": 0.5,
						"color": [
							1,
							1,
							1,
							1
						],
						"angle": 0,
						"zElevation": 0
					}
				},
				{
					"type": "Sprite",
					"properties": {
						"initially-visible": true,
						"initial-animation": "Animation 1",
						"initial-frame": 0,
						"enable-collisions": true,
						"live-preview": false
					},
					"uid": 33,
					"sid": 607950173205540,
					"tags": "",
					"instanceVariables": {},
					"behaviors": {
						"DestroyOutsideLayout": {
							"properties": {}
						},
						"Bullet": {
							"properties": {
								"speed": 400,
								"acceleration": 0,
								"gravity": 0,
								"bounce-off-solids": false,
								"set-angle": true,
								"step": false,
								"enabled": true
							}
						}
					},
					"instanceFolderItem": {
						"sid": 607950173205540,
						"expanded": true
					},
					"showing": true,
					"locked": false,
					"world": {
						"x": 1000,
						"y": 362,
						"width": 427,
						"height": 240,
						"originX": 0.5,
						"originY": 0.5,
						"color": [
							1,
							1,
							1,
							1
						],
						"angle": 0,
						"zElevation": 0
					}
				},
				{
					"type": "Sprite",
					"properties": {
						"initially-visible": true,
						"initial-animation": "Animation 1",
						"initial-frame": 0,
						"enable-collisions": true,
						"live-preview": false
					},
					"uid": 34,
					"sid": 513574652197061,
					"tags": "",
					"instanceVariables": {},
					"behaviors": {
						"DestroyOutsideLayout": {
							"properties": {}
						},
						"Bullet": {
							"properties": {
								"speed": 400,
								"acceleration": 0,
								"gravity": 0,
								"bounce-off-solids": false,
								"set-angle": true,
								"step": false,
								"enabled": true
							}
						}
					},
					"instanceFolderItem": {
						"sid": 513574652197061,
						"expanded": true
					},
					"showing": true,
					"locked": false,
					"world": {
						"x": 1000,
						"y": 602,
						"width": 427,
						"height": 240,
						"originX": 0.5,
						"originY": 0.5,
						"color": [
							1,
							1,
							1,
							1
						],
						"angle": 0,
						"zElevation": 0
					}
				},
				{
					"type": "Sprite",
					"properties": {
						"initially-visible": true,
						"initial-animation": "Animation 1",
						"initial-frame": 0,
						"enable-collisions": true,
						"live-preview": false
					},
					"uid": 35,
					"sid": 139963148290999,
					"tags": "",
					"instanceVariables": {},
					"behaviors": {
						"DestroyOutsideLayout": {
							"properties": {}
						},
						"Bullet": {
							"properties": {
								"speed": 400,
								"acceleration": 0,
								"gravity": 0,
								"bounce-off-solids": false,
								"set-angle": true,
								"step": false,
								"enabled": true
							}
						}
					},
					"instanceFolderItem": {
						"sid": 139963148290999,
						"expanded": true
					},
					"showing": true,
					"locked": false,
					"world": {
						"x": 1000,
						"y": 782,
						"width": 427,
						"height": 240,
						"originX": 0.5,
						"originY": 0.5,
						"color": [
							1,
							1,
							1,
							1
						],
						"angle": 0,
						"zElevation": 0
					}
				},
				{
					"type": "Sprite",
					"properties": {
						"initially-visible": true,
						"initial-animation": "Animation 1",
						"initial-frame": 0,
						"enable-collisions": true,
						"live-preview": false
					},
					"uid": 37,
					"sid": 354189033705322,
					"tags": "",
					"instanceVariables": {},
					"behaviors": {
						"DestroyOutsideLayout": {
							"properties": {}
						},
						"Bullet": {
							"properties": {
								"speed": 400,
								"acceleration": 0,
								"gravity": 0,
								"bounce-off-solids": false,
								"set-angle": true,
								"step": false,
								"enabled": true
							}
						}
					},
					"instanceFolderItem": {
						"sid": 354189033705322,
						"expanded": true
					},
					"showing": true,
					"locked": false,
					"world": {
						"x": 1463,
						"y": 362,
						"width": 500,
						"height": 240,
						"originX": 0.5,
						"originY": 0.5,
						"color": [
							1,
							1,
							1,
							1
						],
						"angle": 0,
						"zElevation": 0
					}
				},
				{
					"type": "Sprite",
					"properties": {
						"initially-visible": true,
						"initial-animation": "Animation 1",
						"initial-frame": 0,
						"enable-collisions": true,
						"live-preview": false
					},
					"uid": 38,
					"sid": 734713963957169,
					"tags": "",
					"instanceVariables": {},
					"behaviors": {
						"DestroyOutsideLayout": {
							"properties": {}
						},
						"Bullet": {
							"properties": {
								"speed": 400,
								"acceleration": 0,
								"gravity": 0,
								"bounce-off-solids": false,
								"set-angle": true,
								"step": false,
								"enabled": true
							}
						}
					},
					"instanceFolderItem": {
						"sid": 734713963957169,
						"expanded": true
					},
					"showing": true,
					"locked": false,
					"world": {
						"x": 1463,
						"y": 602,
						"width": 500,
						"height": 240,
						"originX": 0.5,
						"originY": 0.5,
						"color": [
							1,
							1,
							1,
							1
						],
						"angle": 0,
						"zElevation": 0
					}
				},
				{
					"type": "Sprite",
					"properties": {
						"initially-visible": true,
						"initial-animation": "Animation 1",
						"initial-frame": 0,
						"enable-collisions": true,
						"live-preview": false
					},
					"uid": 39,
					"sid": 959347616135852,
					"tags": "",
					"instanceVariables": {},
					"behaviors": {
						"DestroyOutsideLayout": {
							"properties": {}
						},
						"Bullet": {
							"properties": {
								"speed": 400,
								"acceleration": 0,
								"gravity": 0,
								"bounce-off-solids": false,
								"set-angle": true,
								"step": false,
								"enabled": true
							}
						}
					},
					"instanceFolderItem": {
						"sid": 959347616135852,
						"expanded": true
					},
					"showing": true,
					"locked": false,
					"world": {
						"x": 1463,
						"y": 783,
						"width": 500,
						"height": 240,
						"originX": 0.5,
						"originY": 0.5,
						"color": [
							1,
							1,
							1,
							1
						],
						"angle": 0,
						"zElevation": 0
					}
				},
				{
					"type": "Sprite",
					"properties": {
						"initially-visible": true,
						"initial-animation": "Animation 1",
						"initial-frame": 0,
						"enable-collisions": true,
						"live-preview": false
					},
					"uid": 36,
					"sid": 399437968408665,
					"tags": "",
					"instanceVariables": {},
					"behaviors": {
						"DestroyOutsideLayout": {
							"properties": {}
						},
						"Bullet": {
							"properties": {
								"speed": 400,
								"acceleration": 0,
								"gravity": 0,
								"bounce-off-solids": false,
								"set-angle": true,
								"step": false,
								"enabled": true
							}
						}
					},
					"instanceFolderItem": {
						"sid": 399437968408665,
						"expanded": true
					},
					"showing": true,
					"locked": false,
					"world": {
						"x": 1425,
						"y": 122,
						"width": 427,
						"height": 240,
						"originX": 0.5,
						"originY": 0.5,
						"color": [
							1,
							1,
							1,
							1
						],
						"angle": 0,
						"zElevation": 0
					}
				},
				{
					"type": "Sprite",
					"properties": {
						"initially-visible": true,
						"initial-animation": "Animation 1",
						"initial-frame": 0,
						"enable-collisions": true,
						"live-preview": false
					},
					"uid": 52,
					"sid": 991491197225217,
					"tags": "",
					"instanceVariables": {},
					"behaviors": {
						"DestroyOutsideLayout": {
							"properties": {}
						},
						"Bullet": {
							"properties": {
								"speed": 400,
								"acceleration": 0,
								"gravity": 0,
								"bounce-off-solids": false,
								"set-angle": true,
								"step": false,
								"enabled": true
							}
						}
					},
					"instanceFolderItem": {
						"sid": 991491197225217,
						"expanded": true
					},
					"showing": true,
					"locked": false,
					"world": {
						"x": 1500,
						"y": 122,
						"width": 427,
						"height": 240,
						"originX": 0.5,
						"originY": 0.5,
						"color": [
							1,
							1,
							1,
							1
						],
						"angle": 0,
						"zElevation": 0
					}
				}
			],
			"sid": 928107703110985,
			"effectTypes": [],
			"isInitiallyVisible": true,
			"isInitiallyInteractive": true,
			"isHTMLElementsLayer": false,
			"color": [
				1,
				1,
				1,
				1
			],
			"backgroundColor": [
				0.3686274509803922,
				0.3686274509803922,
				0.3686274509803922,
				1
			],
			"isTransparent": true,
			"parallaxX": 1,
			"parallaxY": 1,
			"scaleRate": 1,
			"forceOwnTexture": false,
			"renderingMode": "3d",
			"drawOrder": "z-order",
			"useRenderCells": false,
			"blendMode": "normal",
			"zElevation": 0,
			"global": false
		},
		{
			"name": "Layer 0",
			"overriden": 0,
			"subLayers": [],
			"instances": [
				{
					"type": "Text",
					"properties": {
						"text": "Distance = \nPlatforms =\nTime = \nScore = ",
						"enable-bbcode": true,
						"font": "ArcadeClassic",
						"size": 90,
						"line-height": 0,
						"bold": false,
						"italic": false,
						"color": [
							0,
							0,
							0,
							1
						],
						"horizontal-alignment": "left",
						"vertical-alignment": "top",
						"wrapping": "word",
						"text-direction": "ltr",
						"icon-set": -1,
						"initially-visible": true,
						"origin": "top-left",
						"read-aloud": false
					},
					"uid": 6,
					"sid": 209354716725452,
					"tags": "",
					"instanceVariables": {},
					"behaviors": {},
					"instanceFolderItem": {
						"sid": 209354716725452,
						"expanded": true
					},
					"showing": true,
					"locked": false,
					"world": {
						"x": 4,
						"y": 3,
						"width": 1701,
						"height": 531,
						"originX": 0,
						"originY": 0,
						"color": [
							1,
							1,
							1,
							1
						],
						"angle": 0,
						"zElevation": 0
					}
				},
				{
					"type": "Lava",
					"properties": {
						"initially-visible": true,
						"initial-animation": "Animation 1",
						"initial-frame": 0,
						"enable-collisions": true,
						"live-preview": false
					},
					"uid": 7,
					"sid": 989179530804293,
					"tags": "",
					"instanceVariables": {},
					"behaviors": {
						"Sine": {
							"properties": {
								"movement": "vertical",
								"wave": "sine",
								"period": 10,
								"period-random": 0,
								"period-offset": 0,
								"period-offset-random": 0,
								"magnitude": 50,
								"magnitude-random": 0,
								"enabled": true,
								"live-preview": false
							}
						}
					},
					"instanceFolderItem": {
						"sid": 989179530804293,
						"expanded": true
					},
					"showing": true,
					"locked": false,
					"world": {
						"x": 854,
						"y": 900,
						"width": 1708,
						"height": 167,
						"originX": 0.5,
						"originY": 0.5,
						"color": [
							1,
							1,
							1,
							1
						],
						"angle": 0,
						"zElevation": 0
					}
				}
			],
			"sid": 281142436446687,
			"effectTypes": [],
			"isInitiallyVisible": true,
			"isInitiallyInteractive": true,
			"isHTMLElementsLayer": false,
			"color": [
				1,
				1,
				1,
				1
			],
			"backgroundColor": [
				0.3686274509803922,
				0.3686274509803922,
				0.3686274509803922,
				1
			],
			"isTransparent": true,
			"parallaxX": 1,
			"parallaxY": 1,
			"scaleRate": 1,
			"forceOwnTexture": false,
			"renderingMode": "3d",
			"drawOrder": "z-order",
			"useRenderCells": false,
			"blendMode": "normal",
			"zElevation": 0,
			"global": false
		}
	],
	"scene-graphs-folder-root": {
		"items": [],
		"subfolders": []
	},
	"sid": 725450210140731,
	"nonworld-instances": [],
	"effectTypes": [],
	"width": 1708,
	"height": 960,
	"unboundedScrolling": false,
	"vpX": 0.5,
	"vpY": 0.5,
	"projection": "perspective",
	"eventSheet": "Event sheet 1"
}