{
	"name": "Layout 1",
	"layers": [
		{
			"name": "Background",
			"overriden": 0,
			"subLayers": [],
			"instances": [
				{
					"type": "Sprite",
					"properties": {
						"initially-visible": true,
						"initial-animation": "Animation 1",
						"initial-frame": 0,
						"enable-collisions": true,
						"live-preview": false
					},
					"uid": 8,
					"sid": 776512070172547,
					"tags": "",
					"instanceVariables": {},
					"behaviors": {
						"DestroyOutsideLayout": {
							"properties": {}
						},
						"Bullet": {
							"properties": {
								"speed": 0,
								"acceleration": 0,
								"gravity": 100,
								"bounce-off-solids": false,
								"set-angle": false,
								"step": false,
								"enabled": true
							}
						}
					},
					"instanceFolderItem": {
						"sid": 776512070172547,
						"expanded": true
					},
					"showing": true,
					"locked": false,
					"world": {
						"x": 212,
						"y": 120,
						"width": 427,
						"height": 240,
						"originX": 0.5,
						"originY": 0.5,
						"color": [
							1,
							1,
							1,
							1
						],
						"angle": 0,
						"zElevation": 0
					}
				},
				{
					"type": "Sprite",
					"properties": {
						"initially-visible": true,
						"initial-animation": "Animation 1",
						"initial-frame": 0,
						"enable-collisions": true,
						"live-preview": false
					},
					"uid": 9,
					"sid": 768715787532827,
					"tags": "",
					"instanceVariables": {},
					"behaviors": {
						"DestroyOutsideLayout": {
							"properties": {}
						},
						"Bullet": {
							"properties": {
								"speed": 0,
								"acceleration": 0,
								"gravity": 100,
								"bounce-off-solids": false,
								"set-angle": false,
								"step": false,
								"enabled": true
							}
						}
					},
					"instanceFolderItem": {
						"sid": 768715787532827,
						"expanded": true
					},
					"showing": true,
					"locked": false,
					"world": {
						"x": 610,
						"y": 120,
						"width": 427,
						"height": 240,
						"originX": 0.5,
						"originY": 0.5,
						"color": [
							1,
							1,
							1,
							1
						],
						"angle": 0,
						"zElevation": 0
					}
				},
				{
					"type": "Sprite",
					"properties": {
						"initially-visible": true,
						"initial-animation": "Animation 1",
						"initial-frame": 0,
						"enable-collisions": true,
						"live-preview": false
					},
					"uid": 10,
					"sid": 159062845541703,
					"tags": "",
					"instanceVariables": {},
					"behaviors": {
						"DestroyOutsideLayout": {
							"properties": {}
						},
						"Bullet": {
							"properties": {
								"speed": 0,
								"acceleration": 0,
								"gravity": 100,
								"bounce-off-solids": false,
								"set-angle": false,
								"step": false,
								"enabled": true
							}
						}
					},
					"instanceFolderItem": {
						"sid": 159062845541703,
						"expanded": true
					},
					"showing": true,
					"locked": false,
					"world": {
						"x": 212,
						"y": 360,
						"width": 427,
						"height": 240,
						"originX": 0.5,
						"originY": 0.5,
						"color": [
							1,
							1,
							1,
							1
						],
						"angle": 0,
						"zElevation": 0
					}
				},
				{
					"type": "Sprite",
					"properties": {
						"initially-visible": true,
						"initial-animation": "Animation 1",
						"initial-frame": 0,
						"enable-collisions": true,
						"live-preview": false
					},
					"uid": 12,
					"sid": 119167815338739,
					"tags": "",
					"instanceVariables": {},
					"behaviors": {
						"DestroyOutsideLayout": {
							"properties": {}
						},
						"Bullet": {
							"properties": {
								"speed": 0,
								"acceleration": 0,
								"gravity": 100,
								"bounce-off-solids": false,
								"set-angle": false,
								"step": false,
								"enabled": true
							}
						}
					},
					"instanceFolderItem": {
						"sid": 119167815338739,
						"expanded": true
					},
					"showing": true,
					"locked": false,
					"world": {
						"x": 212,
						"y": 600,
						"width": 427,
						"height": 240,
						"originX": 0.5,
						"originY": 0.5,
						"color": [
							1,
							1,
							1,
							1
						],
						"angle": 0,
						"zElevation": 0
					}
				},
				{
					"type": "Sprite",
					"properties": {
						"initially-visible": true,
						"initial-animation": "Animation 1",
						"initial-frame": 0,
						"enable-collisions": true,
						"live-preview": false
					},
					"uid": 13,
					"sid": 953779407026780,
					"tags": "",
					"instanceVariables": {},
					"behaviors": {
						"DestroyOutsideLayout": {
							"properties": {}
						},
						"Bullet": {
							"properties": {
								"speed": 0,
								"acceleration": 0,
								"gravity": 100,
								"bounce-off-solids": false,
								"set-angle": false,
								"step": false,
								"enabled": true
							}
						}
					},
					"instanceFolderItem": {
						"sid": 953779407026780,
						"expanded": true
					},
					"showing": true,
					"locked": false,
					"world": {
						"x": 212,
						"y": 780,
						"width": 427,
						"height": 240,
						"originX": 0.5,
						"originY": 0.5,
						"color": [
							1,
							1,
							1,
							1
						],
						"angle": 0,
						"zElevation": 0
					}
				},
				{
					"type": "Sprite",
					"properties": {
						"initially-visible": true,
						"initial-animation": "Animation 1",
						"initial-frame": 0,
						"enable-collisions": true,
						"live-preview": false
					},
					"uid": 11,
					"sid": 644715985637173,
					"tags": "",
					"instanceVariables": {},
					"behaviors": {
						"DestroyOutsideLayout": {
							"properties": {}
						},
						"Bullet": {
							"properties": {
								"speed": 0,
								"acceleration": 0,
								"gravity": 100,
								"bounce-off-solids": false,
								"set-angle": false,
								"step": false,
								"enabled": true
							}
						}
					},
					"instanceFolderItem": {
						"sid": 644715985637173,
						"expanded": true
					},
					"showing": true,
					"locked": false,
					"world": {
						"x": 610,
						"y": 360,
						"width": 427,
						"height": 240,
						"originX": 0.5,
						"originY": 0.5,
						"color": [
							1,
							1,
							1,
							1
						],
						"angle": 0,
						"zElevation": 0
					}
				},
				{
					"type": "Sprite",
					"properties": {
						"initially-visible": true,
						"initial-animation": "Animation 1",
						"initial-frame": 0,
						"enable-collisions": true,
						"live-preview": false
					},
					"uid": 14,
					"sid": 139101307946477,
					"tags": "",
					"instanceVariables": {},
					"behaviors": {
						"DestroyOutsideLayout": {
							"properties": {}
						},
						"Bullet": {
							"properties": {
								"speed": 0,
								"acceleration": 0,
								"gravity": 100,
								"bounce-off-solids": false,
								"set-angle": false,
								"step": false,
								"enabled": true
							}
						}
					},
					"instanceFolderItem": {
						"sid": 139101307946477,
						"expanded": true
					},
					"showing": true,
					"locked": false,
					"world": {
						"x": 610,
						"y": 600,
						"width": 427,
						"height": 240,
						"originX": 0.5,
						"originY": 0.5,
						"color": [
							1,
							1,
							1,
							1
						],
						"angle": 0,
						"zElevation": 0
					}
				},
				{
					"type": "Sprite",
					"properties": {
						"initially-visible": true,
						"initial-animation": "Animation 1",
						"initial-frame": 0,
						"enable-collisions": true,
						"live-preview": false
					},
					"uid": 15,
					"sid": 687653816947901,
					"tags": "",
					"instanceVariables": {},
					"behaviors": {
						"DestroyOutsideLayout": {
							"properties": {}
						},
						"Bullet": {
							"properties": {
								"speed": 0,
								"acceleration": 0,
								"gravity": 100,
								"bounce-off-solids": false,
								"set-angle": false,
								"step": false,
								"enabled": true
							}
						}
					},
					"instanceFolderItem": {
						"sid": 687653816947901,
						"expanded": true
					},
					"showing": true,
					"locked": false,
					"world": {
						"x": 610,
						"y": 780,
						"width": 427,
						"height": 240,
						"originX": 0.5,
						"originY": 0.5,
						"color": [
							1,
							1,
							1,
							1
						],
						"angle": 0,
						"zElevation": 0
					}
				},
				{
					"type": "Sprite",
					"properties": {
						"initially-visible": true,
						"initial-animation": "Animation 1",
						"initial-frame": 0,
						"enable-collisions": true,
						"live-preview": false
					},
					"uid": 16,
					"sid": 115802394705948,
					"tags": "",
					"instanceVariables": {},
					"behaviors": {
						"DestroyOutsideLayout": {
							"properties": {}
						},
						"Bullet": {
							"properties": {
								"speed": 0,
								"acceleration": 0,
								"gravity": 100,
								"bounce-off-solids": false,
								"set-angle": false,
								"step": false,
								"enabled": true
							}
						}
					},
					"instanceFolderItem": {
						"sid": 115802394705948,
						"expanded": true
					},
					"showing": true,
					"locked": false,
					"world": {
						"x": 1000,
						"y": 120,
						"width": 427,
						"height": 240,
						"originX": 0.5,
						"originY": 0.5,
						"color": [
							1,
							1,
							1,
							1
						],
						"angle": 0,
						"zElevation": 0
					}
				},
				{
					"type": "Sprite",
					"properties": {
						"initially-visible": true,
						"initial-animation": "Animation 1",
						"initial-frame": 0,
						"enable-collisions": true,
						"live-preview": false
					},
					"uid": 17,
					"sid": 466762736861144,
					"tags": "",
					"instanceVariables": {},
					"behaviors": {
						"DestroyOutsideLayout": {
							"properties": {}
						},
						"Bullet": {
							"properties": {
								"speed": 0,
								"acceleration": 0,
								"gravity": 100,
								"bounce-off-solids": false,
								"set-angle": false,
								"step": false,
								"enabled": true
							}
						}
					},
					"instanceFolderItem": {
						"sid": 466762736861144,
						"expanded": true
					},
					"showing": true,
					"locked": false,
					"world": {
						"x": 1000,
						"y": 360,
						"width": 427,
						"height": 240,
						"originX": 0.5,
						"originY": 0.5,
						"color": [
							1,
							1,
							1,
							1
						],
						"angle": 0,
						"zElevation": 0
					}
				},
				{
					"type": "Sprite",
					"properties": {
						"initially-visible": true,
						"initial-animation": "Animation 1",
						"initial-frame": 0,
						"enable-collisions": true,
						"live-preview": false
					},
					"uid": 18,
					"sid": 350972327400220,
					"tags": "",
					"instanceVariables": {},
					"behaviors": {
						"DestroyOutsideLayout": {
							"properties": {}
						},
						"Bullet": {
							"properties": {
								"speed": 0,
								"acceleration": 0,
								"gravity": 100,
								"bounce-off-solids": false,
								"set-angle": false,
								"step": false,
								"enabled": true
							}
						}
					},
					"instanceFolderItem": {
						"sid": 350972327400220,
						"expanded": true
					},
					"showing": true,
					"locked": false,
					"world": {
						"x": 1000,
						"y": 600,
						"width": 427,
						"height": 240,
						"originX": 0.5,
						"originY": 0.5,
						"color": [
							1,
							1,
							1,
							1
						],
						"angle": 0,
						"zElevation": 0
					}
				},
				{
					"type": "Sprite",
					"properties": {
						"initially-visible": true,
						"initial-animation": "Animation 1",
						"initial-frame": 0,
						"enable-collisions": true,
						"live-preview": false
					},
					"uid": 19,
					"sid": 349541905793256,
					"tags": "",
					"instanceVariables": {},
					"behaviors": {
						"DestroyOutsideLayout": {
							"properties": {}
						},
						"Bullet": {
							"properties": {
								"speed": 0,
								"acceleration": 0,
								"gravity": 100,
								"bounce-off-solids": false,
								"set-angle": false,
								"step": false,
								"enabled": true
							}
						}
					},
					"instanceFolderItem": {
						"sid": 349541905793256,
						"expanded": true
					},
					"showing": true,
					"locked": false,
					"world": {
						"x": 1000,
						"y": 780,
						"width": 427,
						"height": 240,
						"originX": 0.5,
						"originY": 0.5,
						"color": [
							1,
							1,
							1,
							1
						],
						"angle": 0,
						"zElevation": 0
					}
				},
				{
					"type": "Sprite",
					"properties": {
						"initially-visible": true,
						"initial-animation": "Animation 1",
						"initial-frame": 0,
						"enable-collisions": true,
						"live-preview": false
					},
					"uid": 20,
					"sid": 348829436836247,
					"tags": "",
					"instanceVariables": {},
					"behaviors": {
						"DestroyOutsideLayout": {
							"properties": {}
						},
						"Bullet": {
							"properties": {
								"speed": 0,
								"acceleration": 0,
								"gravity": 100,
								"bounce-off-solids": false,
								"set-angle": false,
								"step": false,
								"enabled": true
							}
						}
					},
					"instanceFolderItem": {
						"sid": 348829436836247,
						"expanded": true
					},
					"showing": true,
					"locked": false,
					"world": {
						"x": 1425,
						"y": 120,
						"width": 427,
						"height": 240,
						"originX": 0.5,
						"originY": 0.5,
						"color": [
							1,
							1,
							1,
							1
						],
						"angle": 0,
						"zElevation": 0
					}
				},
				{
					"type": "Sprite",
					"properties": {
						"initially-visible": true,
						"initial-animation": "Animation 1",
						"initial-frame": 0,
						"enable-collisions": true,
						"live-preview": false
					},
					"uid": 21,
					"sid": 423339312316084,
					"tags": "",
					"instanceVariables": {},
					"behaviors": {
						"DestroyOutsideLayout": {
							"properties": {}
						},
						"Bullet": {
							"properties": {
								"speed": 0,
								"acceleration": 0,
								"gravity": 100,
								"bounce-off-solids": false,
								"set-angle": false,
								"step": false,
								"enabled": true
							}
						}
					},
					"instanceFolderItem": {
						"sid": 423339312316084,
						"expanded": true
					},
					"showing": true,
					"locked": false,
					"world": {
						"x": 1463,
						"y": 360,
						"width": 500,
						"height": 240,
						"originX": 0.5,
						"originY": 0.5,
						"color": [
							1,
							1,
							1,
							1
						],
						"angle": 0,
						"zElevation": 0
					}
				},
				{
					"type": "Sprite",
					"properties": {
						"initially-visible": true,
						"initial-animation": "Animation 1",
						"initial-frame": 0,
						"enable-collisions": true,
						"live-preview": false
					},
					"uid": 22,
					"sid": 391746622588389,
					"tags": "",
					"instanceVariables": {},
					"behaviors": {
						"DestroyOutsideLayout": {
							"properties": {}
						},
						"Bullet": {
							"properties": {
								"speed": 0,
								"acceleration": 0,
								"gravity": 100,
								"bounce-off-solids": false,
								"set-angle": false,
								"step": false,
								"enabled": true
							}
						}
					},
					"instanceFolderItem": {
						"sid": 391746622588389,
						"expanded": true
					},
					"showing": true,
					"locked": false,
					"world": {
						"x": 1463,
						"y": 600,
						"width": 500,
						"height": 240,
						"originX": 0.5,
						"originY": 0.5,
						"color": [
							1,
							1,
							1,
							1
						],
						"angle": 0,
						"zElevation": 0
					}
				},
				{
					"type": "Sprite",
					"properties": {
						"initially-visible": true,
						"initial-animation": "Animation 1",
						"initial-frame": 0,
						"enable-collisions": true,
						"live-preview": false
					},
					"uid": 23,
					"sid": 224325689677473,
					"tags": "",
					"instanceVariables": {},
					"behaviors": {
						"DestroyOutsideLayout": {
							"properties": {}
						},
						"Bullet": {
							"properties": {
								"speed": 0,
								"acceleration": 0,
								"gravity": 100,
								"bounce-off-solids": false,
								"set-angle": false,
								"step": false,
								"enabled": true
							}
						}
					},
					"instanceFolderItem": {
						"sid": 224325689677473,
						"expanded": true
					},
					"showing": true,
					"locked": false,
					"world": {
						"x": 1463,
						"y": 781,
						"width": 500,
						"height": 240,
						"originX": 0.5,
						"originY": 0.5,
						"color": [
							1,
							1,
							1,
							1
						],
						"angle": 0,
						"zElevation": 0
					}
				},
				{
					"type": "Sprite",
					"properties": {
						"initially-visible": true,
						"initial-animation": "Animation 1",
						"initial-frame": 0,
						"enable-collisions": true,
						"live-preview": false
					},
					"uid": 50,
					"sid": 896385143175599,
					"tags": "",
					"instanceVariables": {},
					"behaviors": {
						"DestroyOutsideLayout": {
							"properties": {}
						},
						"Bullet": {
							"properties": {
								"speed": 0,
								"acceleration": 0,
								"gravity": 100,
								"bounce-off-solids": false,
								"set-angle": false,
								"step": false,
								"enabled": true
							}
						}
					},
					"instanceFolderItem": {
						"sid": 896385143175599,
						"expanded": true
					},
					"showing": true,
					"locked": false,
					"world": {
						"x": 1504,
						"y": 120,
						"width": 427,
						"height": 240,
						"originX": 0.5,
						"originY": 0.5,
						"color": [
							1,
							1,
							1,
							1
						],
						"angle": 0,
						"zElevation": 0
					}
				}
			],
			"sid": 827571324495947,
			"effectTypes": [],
			"isInitiallyVisible": true,
			"isInitiallyInteractive": true,
			"isHTMLElementsLayer": false,
			"color": [
				1,
				1,
				1,
				1
			],
			"backgroundColor": [
				0.3686274509803922,
				0.3686274509803922,
				0.3686274509803922,
				1
			],
			"isTransparent": true,
			"parallaxX": 1,
			"parallaxY": 1,
			"scaleRate": 1,
			"forceOwnTexture": false,
			"renderingMode": "3d",
			"drawOrder": "z-order",
			"useRenderCells": false,
			"blendMode": "normal",
			"zElevation": 0,
			"global": false
		},
		{
			"name": "Layer 0",
			"overriden": 0,
			"subLayers": [],
			"instances": [
				{
					"type": "Player",
					"properties": {
						"initially-visible": true,
						"initial-animation": "Animation 1",
						"initial-frame": 0,
						"enable-collisions": true,
						"live-preview": false
					},
					"uid": 2,
					"sid": 261020033482332,
					"tags": "",
					"instanceVariables": {},
					"behaviors": {
						"Platform": {
							"properties": {
								"max-speed": 330,
								"acceleration": 1500,
								"deceleration": 1500,
								"jump-strength": 650,
								"gravity": 1500,
								"max-fall-speed": 1000,
								"double-jump": true,
								"jump-sustain": 5,
								"default-controls": true,
								"enabled": true
							}
						},
						"Bullet": {
							"properties": {
								"speed": 500,
								"acceleration": 0,
								"gravity": 0,
								"bounce-off-solids": false,
								"set-angle": false,
								"step": false,
								"enabled": false
							}
						},
						"Timer": {
							"properties": {}
						}
					},
					"instanceFolderItem": {
						"sid": 261020033482332,
						"expanded": true
					},
					"showing": true,
					"locked": false,
					"world": {
						"x": 808,
						"y": 568,
						"width": 50,
						"height": 50,
						"originX": 0.5,
						"originY": 0.5,
						"color": [
							1,
							1,
							1,
							1
						],
						"angle": 0,
						"zElevation": 0
					}
				},
				{
					"type": "Text",
					"properties": {
						"text": "Distance = \nPlatforms =\nTime = \nScore = \nCan Dash: ",
						"enable-bbcode": true,
						"font": "ArcadeClassic",
						"size": 20,
						"line-height": 0,
						"bold": false,
						"italic": false,
						"color": [
							0,
							0,
							0,
							1
						],
						"horizontal-alignment": "left",
						"vertical-alignment": "top",
						"wrapping": "word",
						"text-direction": "ltr",
						"icon-set": -1,
						"initially-visible": true,
						"origin": "top-left",
						"read-aloud": false
					},
					"uid": 3,
					"sid": 831106581536345,
					"tags": "",
					"instanceVariables": {},
					"behaviors": {},
					"instanceFolderItem": {
						"sid": 831106581536345,
						"expanded": true
					},
					"showing": true,
					"locked": false,
					"world": {
						"x": 4,
						"y": -3,
						"width": 369,
						"height": 196,
						"originX": 0,
						"originY": 0,
						"color": [
							1,
							1,
							1,
							1
						],
						"angle": 0,
						"zElevation": 0
					}
				},
				{
					"type": "Lava",
					"properties": {
						"initially-visible": true,
						"initial-animation": "Animation 1",
						"initial-frame": 0,
						"enable-collisions": true,
						"live-preview": false
					},
					"uid": 4,
					"sid": 367671569865994,
					"tags": "",
					"instanceVariables": {},
					"behaviors": {
						"Sine": {
							"properties": {
								"movement": "vertical",
								"wave": "sine",
								"period": 10,
								"period-random": 0,
								"period-offset": 0,
								"period-offset-random": 0,
								"magnitude": 50,
								"magnitude-random": 0,
								"enabled": true,
								"live-preview": false
							}
						}
					},
					"instanceFolderItem": {
						"sid": 367671569865994,
						"expanded": true
					},
					"showing": true,
					"locked": false,
					"world": {
						"x": 866,
						"y": 948.5,
						"width": 1744,
						"height": 264,
						"originX": 0.5,
						"originY": 0.5,
						"color": [
							1,
							1,
							1,
							1
						],
						"angle": 0,
						"zElevation": 0
					}
				},
				{
					"type": "StartingPlatform",
					"properties": {
						"initially-visible": true,
						"initial-animation": "Animation 1",
						"initial-frame": 0,
						"enable-collisions": true,
						"live-preview": false
					},
					"uid": 5,
					"sid": 408278935174266,
					"tags": "",
					"instanceVariables": {},
					"behaviors": {
						"Solid": {
							"properties": {
								"enabled": true,
								"tags": ""
							}
						},
						"Fade": {
							"properties": {
								"fade-in-time": 0,
								"wait-time": 0,
								"fade-out-time": 5,
								"destroy": true,
								"enabled": true,
								"live-preview": false
							}
						}
					},
					"instanceFolderItem": {
						"sid": 408278935174266,
						"expanded": true
					},
					"showing": true,
					"locked": false,
					"world": {
						"x": 808,
						"y": 636,
						"width": 554,
						"height": 60,
						"originX": 0.5,
						"originY": 0.5,
						"color": [
							1,
							1,
							1,
							1
						],
						"angle": 0,
						"zElevation": 0
					}
				},
				{
					"type": "SolidPlatform",
					"properties": {
						"initially-visible": true,
						"initial-animation": "Animation 1",
						"initial-frame": 0,
						"enable-collisions": true,
						"live-preview": false
					},
					"uid": 42,
					"sid": 954373791770233,
					"tags": "",
					"instanceVariables": {},
					"behaviors": {
						"Solid": {
							"properties": {
								"enabled": true,
								"tags": ""
							}
						},
						"Custom": {
							"properties": {
								"stepping-mode": "none",
								"pixels-per-step": 5,
								"enabled": true
							}
						}
					},
					"instanceFolderItem": {
						"sid": 954373791770233,
						"expanded": true
					},
					"showing": true,
					"locked": false,
					"world": {
						"x": 516,
						"y": -145,
						"width": 200,
						"height": 60,
						"originX": 0.5,
						"originY": 0.5,
						"color": [
							1,
							1,
							1,
							1
						],
						"angle": 0,
						"zElevation": 0
					}
				},
				{
					"type": "SolidPlatform",
					"properties": {
						"initially-visible": true,
						"initial-animation": "Animation 1",
						"initial-frame": 0,
						"enable-collisions": true,
						"live-preview": false
					},
					"uid": 43,
					"sid": 662850836636998,
					"tags": "",
					"instanceVariables": {},
					"behaviors": {
						"Solid": {
							"properties": {
								"enabled": true,
								"tags": ""
							}
						},
						"Custom": {
							"properties": {
								"stepping-mode": "none",
								"pixels-per-step": 5,
								"enabled": true
							}
						}
					},
					"instanceFolderItem": {
						"sid": 662850836636998,
						"expanded": true
					},
					"showing": true,
					"locked": false,
					"world": {
						"x": 1126,
						"y": -150,
						"width": 200,
						"height": 60,
						"originX": 0.5,
						"originY": 0.5,
						"color": [
							1,
							1,
							1,
							1
						],
						"angle": 0,
						"zElevation": 0
					}
				},
				{
					"type": "SolidPlatform",
					"properties": {
						"initially-visible": true,
						"initial-animation": "Animation 1",
						"initial-frame": 0,
						"enable-collisions": true,
						"live-preview": false
					},
					"uid": 44,
					"sid": 429820848711521,
					"tags": "",
					"instanceVariables": {},
					"behaviors": {
						"Solid": {
							"properties": {
								"enabled": true,
								"tags": ""
							}
						},
						"Custom": {
							"properties": {
								"stepping-mode": "none",
								"pixels-per-step": 5,
								"enabled": true
							}
						}
					},
					"instanceFolderItem": {
						"sid": 429820848711521,
						"expanded": true
					},
					"showing": true,
					"locked": false,
					"world": {
						"x": 1501,
						"y": -142,
						"width": 200,
						"height": 60,
						"originX": 0.5,
						"originY": 0.5,
						"color": [
							1,
							1,
							1,
							1
						],
						"angle": 0,
						"zElevation": 0
					}
				},
				{
					"type": "BreakingPlatform",
					"properties": {
						"initially-visible": true,
						"initial-animation": "Animation 1",
						"initial-frame": 0,
						"enable-collisions": true,
						"live-preview": false
					},
					"uid": 51,
					"sid": 582575320186657,
					"tags": "",
					"instanceVariables": {},
					"behaviors": {
						"Solid": {
							"properties": {
								"enabled": true,
								"tags": ""
							}
						},
						"Custom": {
							"properties": {
								"stepping-mode": "none",
								"pixels-per-step": 5,
								"enabled": true
							}
						},
						"Fade": {
							"properties": {
								"fade-in-time": 0,
								"wait-time": 0,
								"fade-out-time": 1,
								"destroy": true,
								"enabled": false,
								"live-preview": false
							}
						}
					},
					"instanceFolderItem": {
						"sid": 582575320186657,
						"expanded": true
					},
					"showing": true,
					"locked": false,
					"world": {
						"x": 1270,
						"y": -248,
						"width": 200,
						"height": 60,
						"originX": 0.5,
						"originY": 0.5,
						"color": [
							1,
							1,
							1,
							1
						],
						"angle": 0,
						"zElevation": 0
					}
				},
				{
					"type": "BreakingPlatform",
					"properties": {
						"initially-visible": true,
						"initial-animation": "Animation 1",
						"initial-frame": 0,
						"enable-collisions": true,
						"live-preview": false
					},
					"uid": 49,
					"sid": 290409636527239,
					"tags": "",
					"instanceVariables": {},
					"behaviors": {
						"Solid": {
							"properties": {
								"enabled": true,
								"tags": ""
							}
						},
						"Custom": {
							"properties": {
								"stepping-mode": "none",
								"pixels-per-step": 5,
								"enabled": true
							}
						},
						"Fade": {
							"properties": {
								"fade-in-time": 0,
								"wait-time": 0,
								"fade-out-time": 1,
								"destroy": true,
								"enabled": false,
								"live-preview": false
							}
						}
					},
					"instanceFolderItem": {
						"sid": 290409636527239,
						"expanded": true
					},
					"showing": true,
					"locked": false,
					"world": {
						"x": 671,
						"y": -235,
						"width": 200,
						"height": 60,
						"originX": 0.5,
						"originY": 0.5,
						"color": [
							1,
							1,
							1,
							1
						],
						"angle": 0,
						"zElevation": 0
					}
				},
				{
					"type": "PhasePlatform",
					"properties": {
						"initially-visible": true,
						"initial-animation": "Animation 1",
						"initial-frame": 0,
						"enable-collisions": true,
						"live-preview": false
					},
					"uid": 47,
					"sid": 627776632483427,
					"tags": "",
					"instanceVariables": {},
					"behaviors": {
						"Jumpthru": {
							"properties": {
								"enabled": true
							}
						},
						"Custom": {
							"properties": {
								"stepping-mode": "none",
								"pixels-per-step": 5,
								"enabled": true
							}
						}
					},
					"instanceFolderItem": {
						"sid": 627776632483427,
						"expanded": true
					},
					"showing": true,
					"locked": false,
					"world": {
						"x": 979,
						"y": -235,
						"width": 200,
						"height": 60,
						"originX": 0.5,
						"originY": 0.5,
						"color": [
							1,
							1,
							1,
							1
						],
						"angle": 0,
						"zElevation": 0
					}
				},
				{
					"type": "PhasePlatform",
					"properties": {
						"initially-visible": true,
						"initial-animation": "Animation 1",
						"initial-frame": 0,
						"enable-collisions": true,
						"live-preview": false
					},
					"uid": 48,
					"sid": 810319368363461,
					"tags": "",
					"instanceVariables": {},
					"behaviors": {
						"Jumpthru": {
							"properties": {
								"enabled": true
							}
						},
						"Custom": {
							"properties": {
								"stepping-mode": "none",
								"pixels-per-step": 5,
								"enabled": true
							}
						}
					},
					"instanceFolderItem": {
						"sid": 810319368363461,
						"expanded": true
					},
					"showing": true,
					"locked": false,
					"world": {
						"x": 368,
						"y": -230,
						"width": 200,
						"height": 60,
						"originX": 0.5,
						"originY": 0.5,
						"color": [
							1,
							1,
							1,
							1
						],
						"angle": 0,
						"zElevation": 0
					}
				},
				{
					"type": "BouncyPlatform",
					"properties": {
						"initially-visible": true,
						"initial-animation": "Animation 1",
						"initial-frame": 0,
						"enable-collisions": true,
						"live-preview": false
					},
					"uid": 46,
					"sid": 818757965053210,
					"tags": "",
					"instanceVariables": {},
					"behaviors": {
						"Solid": {
							"properties": {
								"enabled": true,
								"tags": ""
							}
						},
						"Custom": {
							"properties": {
								"stepping-mode": "none",
								"pixels-per-step": 5,
								"enabled": true
							}
						}
					},
					"instanceFolderItem": {
						"sid": 818757965053210,
						"expanded": true
					},
					"showing": true,
					"locked": false,
					"world": {
						"x": 1549,
						"y": -263,
						"width": 200,
						"height": 60,
						"originX": 0.5,
						"originY": 0.5,
						"color": [
							1,
							1,
							1,
							1
						],
						"angle": 0,
						"zElevation": 0
					}
				},
				{
					"type": "Text2",
					"properties": {
						"text": "WASD, Space to Dash!\nSpace to Restart after Death",
						"enable-bbcode": true,
						"font": "ArcadeClassic",
						"size": 20,
						"line-height": 0,
						"bold": false,
						"italic": false,
						"color": [
							0,
							0.13725490196078433,
							0.4588235294117647,
							1
						],
						"horizontal-alignment": "left",
						"vertical-alignment": "top",
						"wrapping": "word",
						"text-direction": "ltr",
						"icon-set": -1,
						"initially-visible": true,
						"origin": "top-left",
						"read-aloud": false
					},
					"uid": 40,
					"sid": 571454918033828,
					"tags": "",
					"instanceVariables": {},
					"behaviors": {},
					"instanceFolderItem": {
						"sid": 571454918033828,
						"expanded": true
					},
					"showing": true,
					"locked": false,
					"world": {
						"x": 626,
						"y": 815,
						"width": 384,
						"height": 99,
						"originX": 0,
						"originY": 0,
						"color": [
							1,
							1,
							1,
							1
						],
						"angle": 0,
						"zElevation": 0
					}
				}
			],
			"sid": 190534182745026,
			"effectTypes": [],
			"isInitiallyVisible": true,
			"isInitiallyInteractive": true,
			"isHTMLElementsLayer": false,
			"color": [
				1,
				1,
				1,
				1
			],
			"backgroundColor": [
				0.3686274509803922,
				0.3686274509803922,
				0.3686274509803922,
				1
			],
			"isTransparent": true,
			"parallaxX": 1,
			"parallaxY": 1,
			"scaleRate": 1,
			"forceOwnTexture": false,
			"renderingMode": "3d",
			"drawOrder": "z-order",
			"useRenderCells": false,
			"blendMode": "normal",
			"zElevation": 0,
			"global": false
		}
	],
	"scene-graphs-folder-root": {
		"items": [],
		"subfolders": []
	},
	"sid": 964390251442373,
	"nonworld-instances": [],
	"effectTypes": [],
	"width": 1708,
	"height": 960,
	"unboundedScrolling": false,
	"vpX": 0.5,
	"vpY": 0.5,
	"projection": "perspective",
	"eventSheet": "Event sheet 1"
}